
> giaphuc-backend@1.0.0 test
> node --require ./tests/setup.cjs --test --test-concurrency=1 tests/timetable/*.test.js

TAP version 13
# Subtest: timetable access: a viewer may read but cannot write, generate or commit
ok 1 - timetable access: a viewer may read but cannot write, generate or commit
  ---
  duration_ms: 1.1586
  type: 'test'
  ...
# Subtest: timetable access: URL case and trailing slash cannot bypass generation or commit rights
ok 2 - timetable access: URL case and trailing slash cannot bypass generation or commit rights
  ---
  duration_ms: 0.1901
  type: 'test'
  ...
# Subtest: timetable access: write permissions do not implicitly grant read access
ok 3 - timetable access: write permissions do not implicitly grant read access
  ---
  duration_ms: 0.1422
  type: 'test'
  ...
# Subtest: JWT: missing, expired and refresh tokens do not authenticate a timetable user
ok 4 - JWT: missing, expired and refresh tokens do not authenticate a timetable user
  ---
  duration_ms: 2.9107
  type: 'test'
  ...
# Subtest: JWT: current account state and database permissions remain authoritative
ok 5 - JWT: current account state and database permissions remain authoritative
  ---
  duration_ms: 1.0268
  type: 'test'
  ...
# Subtest: weekday calendar has 33 available periods and blocks Monday M1 / Friday M4
ok 6 - weekday calendar has 33 available periods and blocks Monday M1 / Friday M4
  ---
  duration_ms: 1.2862
  type: 'test'
  ...
# Subtest: teaching sessions count distinct day and session, not periods
ok 7 - teaching sessions count distinct day and session, not periods
  ---
  duration_ms: 0.1541
  type: 'test'
  ...
# Subtest: independent evaluator rejects same class-subject in consecutive periods but allows gaps and session boundary
ok 8 - independent evaluator rejects same class-subject in consecutive periods but allows gaps and session boundary
  ---
  duration_ms: 2.3179
  type: 'test'
  ...
# Subtest: independent evaluator rejects cross-branch adjacent teacher periods in either direction, but not across sessions
ok 9 - independent evaluator rejects cross-branch adjacent teacher periods in either direction, but not across sessions
  ---
  duration_ms: 1.4373
  type: 'test'
  ...
# Subtest: preference breakdown measures desired sessions, off-day, off-part and preferred transfer branch
ok 10 - preference breakdown measures desired sessions, off-day, off-part and preferred transfer branch
  ---
  duration_ms: 0.8607
  type: 'test'
  ...
# Subtest: blocked Monday M1 and Friday M4 are independently rejected by evaluator
ok 11 - blocked Monday M1 and Friday M4 are independently rejected by evaluator
  ---
  duration_ms: 0.3752
  type: 'test'
  ...
# Subtest: calendar: default period 1 is sang
ok 12 - calendar: default period 1 is sang
  ---
  duration_ms: 0.7107
  type: 'test'
  ...
# Subtest: calendar: default period 4 is sang
ok 13 - calendar: default period 4 is sang
  ---
  duration_ms: 0.0737
  type: 'test'
  ...
# Subtest: calendar: default period 5 is chieu
ok 14 - calendar: default period 5 is chieu
  ---
  duration_ms: 0.0583
  type: 'test'
  ...
# Subtest: calendar: default period 7 is chieu
ok 15 - calendar: default period 7 is chieu
  ---
  duration_ms: 0.0467
  type: 'test'
  ...
# Subtest: calendar: generated slots, branch sessions and persisted sessions agree
ok 16 - calendar: generated slots, branch sessions and persisted sessions agree
  ---
  duration_ms: 0.6864
  type: 'test'
  ...
# Subtest: calendar: API preserves valid session-period pairs instead of a Cartesian product
ok 17 - calendar: API preserves valid session-period pairs instead of a Cartesian product
  ---
  duration_ms: 1.2008
  type: 'test'
  ...
# Subtest: calendar: a contradictory session cannot bypass a same-teacher conflict
ok 18 - calendar: a contradictory session cannot bypass a same-teacher conflict
  ---
  duration_ms: 1.6246
  type: 'test'
  ...
# Subtest: calendar: aliases are accepted only when their session matches the period
ok 19 - calendar: aliases are accepted only when their session matches the period
  ---
  duration_ms: 0.3631
  type: 'test'
  ...
# Subtest: calendar: a profile declaring period 5 as morning is invalid, never a second session authority
ok 20 - calendar: a profile declaring period 5 as morning is invalid, never a second session authority
  ---
  duration_ms: 0.9522
  type: 'test'
  ...
# Subtest: calendar: solver cannot place blocked day 1 period 1 from an injected slot pool
ok 21 - calendar: solver cannot place blocked day 1 period 1 from an injected slot pool
  ---
  duration_ms: 1.2192
  type: 'test'
  ...
# Subtest: calendar: solver cannot place blocked day 5 period 4 from an injected slot pool
ok 22 - calendar: solver cannot place blocked day 5 period 4 from an injected slot pool
  ---
  duration_ms: 0.1405
  type: 'test'
  ...
# Subtest: soft off preference: MORNING at Tuesday period 5 has penalty 0
ok 23 - soft off preference: MORNING at Tuesday period 5 has penalty 0
  ---
  duration_ms: 0.7615
  type: 'test'
  ...
# Subtest: soft off preference: MORNING at Tuesday period 2 has penalty 1
ok 24 - soft off preference: MORNING at Tuesday period 2 has penalty 1
  ---
  duration_ms: 0.3628
  type: 'test'
  ...
# Subtest: soft off preference: AFTERNOON at Tuesday period 2 has penalty 0
ok 25 - soft off preference: AFTERNOON at Tuesday period 2 has penalty 0
  ---
  duration_ms: 0.1745
  type: 'test'
  ...
# Subtest: soft off preference: AFTERNOON at Tuesday period 5 has penalty 1
ok 26 - soft off preference: AFTERNOON at Tuesday period 5 has penalty 1
  ---
  duration_ms: 0.1156
  type: 'test'
  ...
# Subtest: soft off preference: FULL_DAY at Tuesday period 2 has penalty 1
ok 27 - soft off preference: FULL_DAY at Tuesday period 2 has penalty 1
  ---
  duration_ms: 0.2351
  type: 'test'
  ...
# Subtest: soft off preference: FULL_DAY at Tuesday period 5 has penalty 1
ok 28 - soft off preference: FULL_DAY at Tuesday period 5 has penalty 1
  ---
  duration_ms: 0.1356
  type: 'test'
  ...
# Subtest: soft off preference: NONE at Tuesday period 2 has penalty 0
ok 29 - soft off preference: NONE at Tuesday period 2 has penalty 0
  ---
  duration_ms: 0.0838
  type: 'test'
  ...
# Subtest: soft off preference: overlay does not overwrite a genuine fixed day off
ok 30 - soft off preference: overlay does not overwrite a genuine fixed day off
  ---
  duration_ms: 201.3248
  type: 'test'
  ...
# Subtest: desired sessions: null means no preference
ok 31 - desired sessions: null means no preference
  ---
  duration_ms: 0.1248
  type: 'test'
  ...
# Subtest: legacy nguyenVong day list remains soft; only explicit fixedDayOff activates H11
ok 32 - legacy nguyenVong day list remains soft; only explicit fixedDayOff activates H11
  ---
  duration_ms: 0.4376
  type: 'test'
  ...
# Subtest: desired sessions: counts unique day/session, including an eligible teacher with zero sessions
ok 33 - desired sessions: counts unique day/session, including an eligible teacher with zero sessions
  ---
  duration_ms: 0.2118
  type: 'test'
  ...
# Subtest: catalog CRUD: subjects survive reload, reject duplicates, update and delete
ok 34 - catalog CRUD: subjects survive reload, reject duplicates, update and delete
  ---
  duration_ms: 844.7048
  type: 'test'
  ...
# Subtest: catalog CRUD: teacher home branch is selected on creation and immutable on updates
ok 35 - catalog CRUD: teacher home branch is selected on creation and immutable on updates
  ---
  duration_ms: 671.9726
  type: 'test'
  ...
# Subtest: catalog CRUD: a class inherits declared block demand with no fabricated teacher, and deletion removes that demand
ok 36 - catalog CRUD: a class inherits declared block demand with no fabricated teacher, and deletion removes that demand
  ---
  duration_ms: 1471.5375
  type: 'test'
  ...
# Subtest: catalog CRUD: referenced records refuse deletion and support deactivation without breaking curriculum coverage
ok 37 - catalog CRUD: referenced records refuse deletion and support deactivation without breaking curriculum coverage
  ---
  duration_ms: 444.3748
  type: 'test'
  ...
# Subtest: catalog CRUD: invalid payloads and references write nothing
ok 38 - catalog CRUD: invalid payloads and references write nothing
  ---
  duration_ms: 511.16
  type: 'test'
  ...
# Subtest: catalog CRUD: concurrent updates through separate store instances preserve both writes
ok 39 - catalog CRUD: concurrent updates through separate store instances preserve both writes
  ---
  duration_ms: 146.5538
  type: 'test'
  ...
# Subtest: catalog CRUD: corrupt persisted data fails closed and is not overwritten
ok 40 - catalog CRUD: corrupt persisted data fails closed and is not overwritten
  ---
  duration_ms: 74.5346
  type: 'test'
  ...
# Subtest: teacher preference API persists values through reload into accepted schedule generation
ok 41 - teacher preference API persists values through reload into accepted schedule generation
  ---
  duration_ms: 1596.8987
  type: 'test'
  ...
# Subtest: commit: target teacher violation H03 is rejected before any write
ok 42 - commit: target teacher violation H03 is rejected before any write
  ---
  duration_ms: 26.4539
  type: 'test'
  ...
# Subtest: commit: target teacher violation H08 is rejected before any write
ok 43 - commit: target teacher violation H08 is rejected before any write
  ---
  duration_ms: 6.494
  type: 'test'
  ...
# Subtest: commit: target teacher violation H09 is rejected before any write
ok 44 - commit: target teacher violation H09 is rejected before any write
  ---
  duration_ms: 4.454
  type: 'test'
  ...
# Subtest: commit: target teacher violation H10 is rejected before any write
ok 45 - commit: target teacher violation H10 is rejected before any write
  ---
  duration_ms: 4.0333
  type: 'test'
  ...
# Subtest: commit: target teacher violation H11 is rejected before any write
ok 46 - commit: target teacher violation H11 is rejected before any write
  ---
  duration_ms: 4.0405
  type: 'test'
  ...
# Subtest: commit: target teacher violation H13 is rejected before any write
ok 47 - commit: target teacher violation H13 is rejected before any write
  ---
  duration_ms: 3.5298
  type: 'test'
  ...
# Subtest: commit: an eligible, permitted target survives revalidation and readback contains the effective teacher
ok 48 - commit: an eligible, permitted target survives revalidation and readback contains the effective teacher
  ---
  duration_ms: 18.3435
  type: 'test'
  ...
# Subtest: cross-branch variants: destination is the class branch and requires explicit permission
ok 49 - cross-branch variants: destination is the class branch and requires explicit permission
  ---
  duration_ms: 3.8569
  type: 'test'
  ...
# Subtest: real legacy API generation in EXPLICIT mode: missing branch permissions produce an honest empty result
ok 50 - real legacy API generation in EXPLICIT mode: missing branch permissions produce an honest empty result
  ---
  duration_ms: 559.6784
  type: 'test'
  ...
# Subtest: identical solutions: diversity = 0
ok 51 - identical solutions: diversity = 0
  ---
  duration_ms: 1.0644
  type: 'test'
  ...
# Subtest: completely disjoint: diversity = 1
ok 52 - completely disjoint: diversity = 1
  ---
  duration_ms: 0.0982
  type: 'test'
  ...
# Subtest: half-overlap: diversity = 2/3
ok 53 - half-overlap: diversity = 2/3
  ---
  duration_ms: 0.0887
  type: 'test'
  ...
# Subtest: dedupe keeps only diverse candidates
ok 54 - dedupe keeps only diverse candidates
  ---
  duration_ms: 0.1821
  type: 'test'
  ...
# Subtest: effective teacher: transfer to an ineligible teacher is rejected by H03
ok 55 - effective teacher: transfer to an ineligible teacher is rejected by H03
  ---
  duration_ms: 2.5087
  type: 'test'
  ...
# Subtest: effective teacher: H03 also uses placements serialized as entries
ok 56 - effective teacher: H03 also uses placements serialized as entries
  ---
  duration_ms: 0.3155
  type: 'test'
  ...
# Subtest: effective teacher: unknown and inactive targets are rejected
ok 57 - effective teacher: unknown and inactive targets are rejected
  ---
  duration_ms: 0.5659
  type: 'test'
  ...
# Subtest: effective teacher: target fixed day off is rejected by H11
ok 58 - effective teacher: target fixed day off is rejected by H11
  ---
  duration_ms: 0.5544
  type: 'test'
  ...
# Subtest: effective teacher: target max sessions is rejected by H10
ok 59 - effective teacher: target max sessions is rejected by H10
  ---
  duration_ms: 0.5364
  type: 'test'
  ...
# Subtest: effective teacher: explicit target capacity is rejected by H09
ok 60 - effective teacher: explicit target capacity is rejected by H09
  ---
  duration_ms: 0.3421
  type: 'test'
  ...
# Subtest: effective teacher: empty allowed branches cannot permit a cross-branch transfer
ok 61 - effective teacher: empty allowed branches cannot permit a cross-branch transfer
  ---
  duration_ms: 0.4061
  type: 'test'
  ...
# Subtest: effective teacher: declared branch permission permits the otherwise valid transfer
ok 62 - effective teacher: declared branch permission permits the otherwise valid transfer
  ---
  duration_ms: 0.2587
  type: 'test'
  ...
# Subtest: effective branch: a forged home-branch placement cannot hide teaching at the prohibited class branch
ok 63 - effective branch: a forged home-branch placement cannot hide teaching at the prohibited class branch
  ---
  duration_ms: 0.7321
  type: 'test'
  ...
# Subtest: effective teacher: workload, subject and preference metrics ignore stale slot teacher ids
ok 64 - effective teacher: workload, subject and preference metrics ignore stale slot teacher ids
  ---
  duration_ms: 8.355
  type: 'test'
  ...
# Subtest: effective teacher: soft catalog rules use the target teacher even when evaluated directly
ok 65 - effective teacher: soft catalog rules use the target teacher even when evaluated directly
  ---
  duration_ms: 0.3394
  type: 'test'
  ...
# Subtest: effective teacher: evaluation does not mutate assignment, placement or slots
ok 66 - effective teacher: evaluation does not mutate assignment, placement or slots
  ---
  duration_ms: 0.1591
  type: 'test'
  ...
# Subtest: kim is exactly ONE teacher record in the fixture
ok 67 - kim is exactly ONE teacher record in the fixture
  ---
  duration_ms: 0.6286
  type: 'test'
  ...
# Subtest: kim has TWO specializations, not one
ok 68 - kim has TWO specializations, not one
  ---
  duration_ms: 0.101
  type: 'test'
  ...
# Subtest: kim specializations: Công nghệ=1, Tin học=1
ok 69 - kim specializations: Công nghệ=1, Tin học=1
  ---
  duration_ms: 0.087
  type: 'test'
  ...
# Subtest: kim workload = 2 (Σ specialization.soTietTuan)
ok 70 - kim workload = 2 (Σ specialization.soTietTuan)
  ---
  duration_ms: 0.0685
  type: 'test'
  ...
# Subtest: kim → Công nghệ is eligible
ok 71 - kim → Công nghệ is eligible
  ---
  duration_ms: 0.1436
  type: 'test'
  ...
# Subtest: kim → Tin học is eligible
ok 72 - kim → Tin học is eligible
  ---
  duration_ms: 0.0609
  type: 'test'
  ...
# Subtest: kim → Toán is NOT eligible
ok 73 - kim → Toán is NOT eligible
  ---
  duration_ms: 0.1009
  type: 'test'
  ...
# Subtest: eligibleTeachers("Tin học") includes kim and only kim
ok 74 - eligibleTeachers("Tin học") includes kim and only kim
  ---
  duration_ms: 0.5035
  type: 'test'
  ...
# Subtest: eligibleTeachers("Công nghệ") includes kim and only kim
ok 75 - eligibleTeachers("Công nghệ") includes kim and only kim
  ---
  duration_ms: 0.2698
  type: 'test'
  ...
# Subtest: eligibleTeachers("Toán") returns the empty set (no fixture teacher specializes in Toán)
ok 76 - eligibleTeachers("Toán") returns the empty set (no fixture teacher specializes in Toán)
  ---
  duration_ms: 0.2362
  type: 'test'
  ...
# Subtest: eligibleTeachers is case-sensitive (lowercase "công nghệ" ≠ "Công nghệ")
ok 77 - eligibleTeachers is case-sensitive (lowercase "công nghệ" ≠ "Công nghệ")
  ---
  duration_ms: 0.0987
  type: 'test'
  ...
# Subtest: thư is eligible for Tiếng Anh only
ok 78 - thư is eligible for Tiếng Anh only
  ---
  duration_ms: 0.0658
  type: 'test'
  ...
# Subtest: fixture is byte-loadable and has 5 teachers
ok 79 - fixture is byte-loadable and has 5 teachers
  ---
  duration_ms: 0.8066
  type: 'test'
  ...
# Subtest: teacher names preserve casing (kim, thư, trinh, trâm, nản)
ok 80 - teacher names preserve casing (kim, thư, trinh, trâm, nản)
  ---
  duration_ms: 0.7516
  type: 'test'
  ...
# Subtest: email and soDienThoai are empty strings (not undefined)
ok 81 - email and soDienThoai are empty strings (not undefined)
  ---
  duration_ms: 0.2351
  type: 'test'
  ...
# Subtest: every teacher has trangThai = "active"
ok 82 - every teacher has trangThai = "active"
  ---
  duration_ms: 0.2209
  type: 'test'
  ...
# Subtest: updatedAt quirk: nản has a string, others have a Date
ok 83 - updatedAt quirk: nản has a string, others have a Date
  ---
  duration_ms: 0.3444
  type: 'test'
  ...
# Subtest: thư / trâm / nản do NOT have a nguyenVong field (per second brief)
ok 84 - thư / trâm / nản do NOT have a nguyenVong field (per second brief)
  ---
  duration_ms: 0.2365
  type: 'test'
  ...
# Subtest: kim has nguyenVong (soBuoiToiDa=4, buoiUuTien=ca_hai, thuNghi=[])
ok 85 - kim has nguyenVong (soBuoiToiDa=4, buoiUuTien=ca_hai, thuNghi=[])
  ---
  duration_ms: 0.2739
  type: 'test'
  ...
# Subtest: trinh has buoiUuTien=chieu
ok 86 - trinh has buoiUuTien=chieu
  ---
  duration_ms: 0.2223
  type: 'test'
  ...
# Subtest: normalizeTeacher turns missing nguyenVong into null (not undefined, not an empty object)
ok 87 - normalizeTeacher turns missing nguyenVong into null (not undefined, not an empty object)
  ---
  duration_ms: 0.5439
  type: 'test'
  ...
# Subtest: PHASE 19 / 1 — branches count = 7
ok 88 - PHASE 19 / 1 — branches count = 7
  ---
  duration_ms: 0.8259
  type: 'test'
  ...
# Subtest: PHASE 19 / 2 — blocks count = 5
ok 89 - PHASE 19 / 2 — blocks count = 5
  ---
  duration_ms: 0.0917
  type: 'test'
  ...
# Subtest: PHASE 19 / 3 — subjects count = 6
ok 90 - PHASE 19 / 3 — subjects count = 6
  ---
  duration_ms: 0.1319
  type: 'test'
  ...
# Subtest: PHASE 19 / 4 — teachers count = 42
ok 91 - PHASE 19 / 4 — teachers count = 42
  ---
  duration_ms: 0.0673
  type: 'test'
  ...
# Subtest: PHASE 19 / 5 — active teachers = 40
ok 92 - PHASE 19 / 5 — active teachers = 40
  ---
  duration_ms: 0.1105
  type: 'test'
  ...
# Subtest: PHASE 19 / 6 — inactive teachers = 2
ok 93 - PHASE 19 / 6 — inactive teachers = 2
  ---
  duration_ms: 0.0492
  type: 'test'
  ...
# Subtest: PHASE 19 / 7 — classes count = 113
ok 94 - PHASE 19 / 7 — classes count = 113
  ---
  duration_ms: 0.1012
  type: 'test'
  ...
# Subtest: PHASE 19 / 8 — blocksubjects count = 24
ok 95 - PHASE 19 / 8 — blocksubjects count = 24
  ---
  duration_ms: 0.0492
  type: 'test'
  ...
# Subtest: PHASE 19 / 9 — assignments count = 479
ok 96 - PHASE 19 / 9 — assignments count = 479
  ---
  duration_ms: 0.1939
  type: 'test'
  ...
# Subtest: PHASE 19 / 10 — assignments requiredPeriods sum = 802
ok 97 - PHASE 19 / 10 — assignments requiredPeriods sum = 802
  ---
  duration_ms: 0.2708
  type: 'test'
  ...
# Subtest: PHASE 19 / 11 — assignments assignedPeriods sum = 802
ok 98 - PHASE 19 / 11 — assignments assignedPeriods sum = 802
  ---
  duration_ms: 0.1373
  type: 'test'
  ...
# Subtest: PHASE 19 / 12 — assignments shortage sum = 0
ok 99 - PHASE 19 / 12 — assignments shortage sum = 0
  ---
  duration_ms: 0.0688
  type: 'test'
  ...
# Subtest: PHASE 19 / 13 — scheduleslots count = 802
ok 100 - PHASE 19 / 13 — scheduleslots count = 802
  ---
  duration_ms: 0.0372
  type: 'test'
  ...
# Subtest: PHASE 19 / 23 — schedules count = 1
ok 101 - PHASE 19 / 23 — schedules count = 1
  ---
  duration_ms: 0.028
  type: 'test'
  ...
# Subtest: PHASE 19 / 24 — parttimeassignments = 0
ok 102 - PHASE 19 / 24 — parttimeassignments = 0
  ---
  duration_ms: 0.0282
  type: 'test'
  ...
# Subtest: PHASE 19 / 14 — every assignment slot count === assignedPeriods
ok 103 - PHASE 19 / 14 — every assignment slot count === assignedPeriods
  ---
  duration_ms: 0.2866
  type: 'test'
  ...
# Subtest: PHASE 19 / 15 — no duplicate class/day/session/period
ok 104 - PHASE 19 / 15 — no duplicate class/day/session/period
  ---
  duration_ms: 0.3532
  type: 'test'
  ...
# Subtest: PHASE 19 / 16 — no duplicate teacher/day/session/period
ok 105 - PHASE 19 / 16 — no duplicate teacher/day/session/period
  ---
  duration_ms: 0.2806
  type: 'test'
  ...
# Subtest: PHASE 19 / 17 — assignment branch === class branch
ok 106 - PHASE 19 / 17 — assignment branch === class branch
  ---
  duration_ms: 0.1238
  type: 'test'
  ...
# Subtest: PHASE 19 / 18 — assigned teacher is eligible for assigned subject
ok 107 - PHASE 19 / 18 — assigned teacher is eligible for assigned subject
  ---
  duration_ms: 0.1747
  type: 'test'
  ...
# Subtest: PHASE 19 / 19 — CN-TH remains in RAW (normalized) and remains inactive
ok 108 - PHASE 19 / 19 — CN-TH remains in RAW (normalized) and remains inactive
  ---
  duration_ms: 0.0934
  type: 'test'
  ...
# Subtest: PHASE 19 / 20 — no assignment uses inactive CN-TH
ok 109 - PHASE 19 / 20 — no assignment uses inactive CN-TH
  ---
  duration_ms: 0.0863
  type: 'test'
  ...
# Subtest: PHASE 19 / 21 — exactly 87 assignments have isTransferred=true
ok 110 - PHASE 19 / 21 — exactly 87 assignments have isTransferred=true
  ---
  duration_ms: 0.0449
  type: 'test'
  ...
# Subtest: PHASE 19 / 22 — all 479 assignments belong to academicYear=2025-2026 semester=1
ok 111 - PHASE 19 / 22 — all 479 assignments belong to academicYear=2025-2026 semester=1
  ---
  duration_ms: 0.1109
  type: 'test'
  ...
# Subtest: PHASE 19 / L1 — raw reader preserves all 11 collections
ok 112 - PHASE 19 / L1 — raw reader preserves all 11 collections
  ---
  duration_ms: 0.0486
  type: 'test'
  ...
# Subtest: PHASE 19 / L2 — raw document ObjectId is preserved as string in normalized layer
ok 113 - PHASE 19 / L2 — raw document ObjectId is preserved as string in normalized layer
  ---
  duration_ms: 0.1263
  type: 'test'
  ...
# Subtest: PHASE 19 / L3 — scheduling model surfaces active teachers; inactive teachers excluded
ok 114 - PHASE 19 / L3 — scheduling model surfaces active teachers; inactive teachers excluded
  ---
  duration_ms: 0.1552
  type: 'test'
  ...
# Subtest: PHASE 19 / L4 — scheduling model excludes curriculum rows whose subject is inactive
ok 115 - PHASE 19 / L4 — scheduling model excludes curriculum rows whose subject is inactive
  ---
  duration_ms: 0.103
  type: 'test'
  ...
# Subtest: PHASE 19 / L5 — scheduling travelTime is null; travelStatus is MISSING_CONFIGURATION
ok 116 - PHASE 19 / L5 — scheduling travelTime is null; travelStatus is MISSING_CONFIGURATION
  ---
  duration_ms: 0.033
  type: 'test'
  ...
# Subtest: PHASE 19 / L6 — all 24 curriculum rows remain in normalized layer (none silently deleted)
ok 117 - PHASE 19 / L6 — all 24 curriculum rows remain in normalized layer (none silently deleted)
  ---
  duration_ms: 0.0632
  type: 'test'
  ...
# Subtest: PHASE 19 / L7 — no fake teacher/homeroomField ties claimed from class names
ok 118 - PHASE 19 / L7 — no fake teacher/homeroomField ties claimed from class names
  ---
  duration_ms: 0.064
  type: 'test'
  ...
# Subtest: PHASE 19 / L8 — branch field on class is preserved from source
ok 119 - PHASE 19 / L8 — branch field on class is preserved from source
  ---
  duration_ms: 0.0712
  type: 'test'
  ...
# Subtest: PHASE 19 / L9 — teachingWorkload is preserved verbatim (legacy denormalized)
ok 120 - PHASE 19 / L9 — teachingWorkload is preserved verbatim (legacy denormalized)
  ---
  duration_ms: 0.0587
  type: 'test'
  ...
# Subtest: PHASE 19 / L10 — legacy baseline exposes totalSlots = 802
ok 121 - PHASE 19 / L10 — legacy baseline exposes totalSlots = 802
  ---
  duration_ms: 0.0331
  type: 'test'
  ...
# Subtest: PHASE 19 / L11 — integrity totals separate operational vs orphan historical references
ok 122 - PHASE 19 / L11 — integrity totals separate operational vs orphan historical references
  ---
  duration_ms: 0.0274
  type: 'test'
  ...
# Subtest: PHASE 19 / L12 — operational references are valid
ok 123 - PHASE 19 / L12 — operational references are valid
  ---
  duration_ms: 0.0264
  type: 'test'
  ...
# Subtest: PHASE 19 / L13 — integrity anomalies include CN-TH row, schedule mismatch, teachingWorkload mismatch
ok 124 - PHASE 19 / L13 — integrity anomalies include CN-TH row, schedule mismatch, teachingWorkload mismatch
  ---
  duration_ms: 0.0702
  type: 'test'
  ...
# Subtest: PHASE 19 / L14 — normalized teacher name preserves diacritics & casing
ok 125 - PHASE 19 / L14 — normalized teacher name preserves diacritics & casing
  ---
  duration_ms: 0.173
  type: 'test'
  ...
# Subtest: PHASE 19 / L15 — transfer log scope is auto for all 4175 entries
ok 126 - PHASE 19 / L15 — transfer log scope is auto for all 4175 entries
  ---
  duration_ms: 0.5207
  type: 'test'
  ...
# Subtest: PHASE 19 / L16 — transfer log success vs failure counts
ok 127 - PHASE 19 / L16 — transfer log success vs failure counts
  ---
  duration_ms: 0.3477
  type: 'test'
  ...
# Subtest: PHASE 19 / L17 — failure reasons preserved verbatim from source
ok 128 - PHASE 19 / L17 — failure reasons preserved verbatim from source
  ---
  duration_ms: 0.241
  type: 'test'
  ...
# Subtest: PHASE 19 / L18 — CN-TH row in normalized.curriculum (raw preserved)
ok 129 - PHASE 19 / L18 — CN-TH row in normalized.curriculum (raw preserved)
  ---
  duration_ms: 0.085
  type: 'test'
  ...
# Subtest: PHASE 19 / L19 — scheduling.curriculum is class-level (479 rows from 21 effective block-level)
ok 130 - PHASE 19 / L19 — scheduling.curriculum is class-level (479 rows from 21 effective block-level)
  ---
  duration_ms: 0.1607
  type: 'test'
  ...
# Subtest: PHASE 19 / L20 — schedules[0] summary mismatch is preserved (not silently fixed)
ok 131 - PHASE 19 / L20 — schedules[0] summary mismatch is preserved (not silently fixed)
  ---
  duration_ms: 0.0436
  type: 'test'
  ...
# Subtest: PHASE 19 / L21 — schedules[0] is marked isHistoricalMetadata=true
ok 132 - PHASE 19 / L21 — schedules[0] is marked isHistoricalMetadata=true
  ---
  duration_ms: 0.0298
  type: 'test'
  ...
# Subtest: PHASE 19 / L22 — source dirs match between result and DEFAULT_SOURCE_DIR
ok 133 - PHASE 19 / L22 — source dirs match between result and DEFAULT_SOURCE_DIR
  ---
  duration_ms: 0.0873
  type: 'test'
  ...
# Subtest: PHASE 19 / L23 — inventory matches normalized counts
ok 134 - PHASE 19 / L23 — inventory matches normalized counts
  ---
  duration_ms: 0.0544
  type: 'test'
  ...
# Subtest: PHASE 19 / L24 — scheduling model is itself a valid SchedulingInput shape
ok 135 - PHASE 19 / L24 — scheduling model is itself a valid SchedulingInput shape
  ---
  duration_ms: 0.0812
  type: 'test'
  ...
# Subtest: PHASE 19 / L25 — transferredAssignmentsWithoutOrigin is positive
ok 136 - PHASE 19 / L25 — transferredAssignmentsWithoutOrigin is positive
  ---
  duration_ms: 0.0811
  type: 'test'
  ...
# Subtest: PHASE 22.1 / R1 — raw class duplicate count (with session) = 0
ok 137 - PHASE 22.1 / R1 — raw class duplicate count (with session) = 0
  ---
  duration_ms: 0.9063
  type: 'test'
  ...
# Subtest: PHASE 22.1 / R2 — raw teacher duplicate count (with session) = 0
ok 138 - PHASE 22.1 / R2 — raw teacher duplicate count (with session) = 0
  ---
  duration_ms: 0.083
  type: 'test'
  ...
# Subtest: PHASE 22.1 / R3 — baseline adapter preserves all 802 slots
ok 139 - PHASE 22.1 / R3 — baseline adapter preserves all 802 slots
  ---
  duration_ms: 0.0912
  type: 'test'
  ...
# Subtest: PHASE 22.1 / R4 — baseline preserves classId (classId match)
ok 140 - PHASE 22.1 / R4 — baseline preserves classId (classId match)
  ---
  duration_ms: 0.4325
  type: 'test'
  ...
# Subtest: PHASE 22.1 / R5 — baseline preserves teacherId
ok 141 - PHASE 22.1 / R5 — baseline preserves teacherId
  ---
  duration_ms: 0.4615
  type: 'test'
  ...
# Subtest: PHASE 22.1 / R6 — baseline preserves subjectId
ok 142 - PHASE 22.1 / R6 — baseline preserves subjectId
  ---
  duration_ms: 0.2936
  type: 'test'
  ...
# Subtest: PHASE 22.1 / R7 — baseline preserves session (canonical form)
ok 143 - PHASE 22.1 / R7 — baseline preserves session (canonical form)
  ---
  duration_ms: 0.5209
  type: 'test'
  ...
# Subtest: PHASE 22.1 / R8 — baseline preserves period
ok 144 - PHASE 22.1 / R8 — baseline preserves period
  ---
  duration_ms: 0.3903
  type: 'test'
  ...
# Subtest: PHASE 22.1 / R9 — no baseline placement has missing day/session/period
ok 145 - PHASE 22.1 / R9 — no baseline placement has missing day/session/period
  ---
  duration_ms: 0.5005
  type: 'test'
  ...
# Subtest: PHASE 22.1 / R10 — baseline H01 result matches raw duplicate count (with session)
ok 146 - PHASE 22.1 / R10 — baseline H01 result matches raw duplicate count (with session)
  ---
  duration_ms: 0.7083
  type: 'test'
  ...
# Subtest: PHASE 22.1 / R11 — baseline H02 result matches raw duplicate count (with session)
ok 147 - PHASE 22.1 / R11 — baseline H02 result matches raw duplicate count (with session)
  ---
  duration_ms: 0.1293
  type: 'test'
  ...
# Subtest: PHASE 22.1 / R12 — evaluateBaseline() does not mutate baseline
ok 148 - PHASE 22.1 / R12 — evaluateBaseline() does not mutate baseline
  ---
  duration_ms: 10.6922
  type: 'test'
  ...
# Subtest: PHASE 22.1 / R13 — evaluateBaseline() deterministic (1st vs 2nd call)
ok 149 - PHASE 22.1 / R13 — evaluateBaseline() deterministic (1st vs 2nd call)
  ---
  duration_ms: 14.2382
  type: 'test'
  ...
# Subtest: PHASE 22.1 / R14 — repeated evaluation gives identical result (10x)
ok 150 - PHASE 22.1 / R14 — repeated evaluation gives identical result (10x)
  ---
  duration_ms: 65.9907
  type: 'test'
  ...
# Subtest: PHASE 22.1 / R15 — cross-session slots are NOT counted as H01 violations
ok 151 - PHASE 22.1 / R15 — cross-session slots are NOT counted as H01 violations
  ---
  duration_ms: 0.8367
  type: 'test'
  ...
# Subtest: PHASE 22.1 / R16 — classConflictKey / teacherConflictKey discriminate by session
ok 152 - PHASE 22.1 / R16 — classConflictKey / teacherConflictKey discriminate by session
  ---
  duration_ms: 0.4777
  type: 'test'
  ...
# Subtest: PHASE 22.1 / R17 — session aliases (morning/afternoon) normalize to sang/chieu
ok 153 - PHASE 22.1 / R17 — session aliases (morning/afternoon) normalize to sang/chieu
  ---
  duration_ms: 0.0768
  type: 'test'
  ...
# Subtest: PHASE 22.1 / R18 — explicit raw-vs-no-session comparison: same dataset, different identity
ok 154 - PHASE 22.1 / R18 — explicit raw-vs-no-session comparison: same dataset, different identity
  ---
  duration_ms: 0.0719
  type: 'test'
  ...
# Subtest: PHASE 22 / N1 — catalog has 17 hard + 8 soft constraints
ok 155 - PHASE 22 / N1 — catalog has 17 hard + 8 soft constraints
  ---
  duration_ms: 1.1165
  type: 'test'
  ...
# Subtest: PHASE 22 / N2 — every constraint has id, code, name, category, severity, description, evaluate
ok 156 - PHASE 22 / N2 — every constraint has id, code, name, category, severity, description, evaluate
  ---
  duration_ms: 0.1854
  type: 'test'
  ...
# Subtest: PHASE 22 / N3 — hard constraints BLOCKING, soft constraints PENALTY
ok 157 - PHASE 22 / N3 — hard constraints BLOCKING, soft constraints PENALTY
  ---
  duration_ms: 0.0898
  type: 'test'
  ...
# Subtest: PHASE 22 / N4 — getConstraint returns the matching entry
ok 158 - PHASE 22 / N4 — getConstraint returns the matching entry
  ---
  duration_ms: 0.0893
  type: 'test'
  ...
# Subtest: PHASE 22 / N5 — listHard / listSoft return slices
ok 159 - PHASE 22 / N5 — listHard / listSoft return slices
  ---
  duration_ms: 0.0843
  type: 'test'
  ...
# Subtest: PHASE 22 / N6 — class double booking detected (H01)
ok 160 - PHASE 22 / N6 — class double booking detected (H01)
  ---
  duration_ms: 106.6422
  type: 'test'
  ...
# Subtest: PHASE 22 / N7 — teacher double booking detected (H02)
ok 161 - PHASE 22 / N7 — teacher double booking detected (H02)
  ---
  duration_ms: 73.6891
  type: 'test'
  ...
# Subtest: PHASE 22 / N8 — teacher-subject mismatch detected (H03)
ok 162 - PHASE 22 / N8 — teacher-subject mismatch detected (H03)
  ---
  duration_ms: 67.1038
  type: 'test'
  ...
# Subtest: PHASE 22 / N9 — branch mismatch detected (H04)
ok 163 - PHASE 22 / N9 — branch mismatch detected (H04)
  ---
  duration_ms: 67.1632
  type: 'test'
  ...
# Subtest: PHASE 22 / N10 — demand underfill detected (H05)
ok 164 - PHASE 22 / N10 — demand underfill detected (H05)
  ---
  duration_ms: 74.524
  type: 'test'
  ...
# Subtest: PHASE 22 / N11 — duplicate slot (H06: missing branchId) detected
ok 165 - PHASE 22 / N11 — duplicate slot (H06: missing branchId) detected
  ---
  duration_ms: 70.5805
  type: 'test'
  ...
# Subtest: PHASE 22 / N12 — assignment identity: two teachers for one (class,subject) detected (H07)
ok 166 - PHASE 22 / N12 — assignment identity: two teachers for one (class,subject) detected (H07)
  ---
  duration_ms: 66.0055
  type: 'test'
  ...
# Subtest: PHASE 22 / N13 — inactive teacher / subject is rejected (H08)
ok 167 - PHASE 22 / N13 — inactive teacher / subject is rejected (H08)
  ---
  duration_ms: 67.19
  type: 'test'
  ...
# Subtest: PHASE 22 / N13b — inactive subject is rejected (H08)
ok 168 - PHASE 22 / N13b — inactive subject is rejected (H08)
  ---
  duration_ms: 70.1578
  type: 'test'
  ...
# Subtest: PHASE 22 / N14 — workload capacity violation detected (H09) when capacity present
ok 169 - PHASE 22 / N14 — workload capacity violation detected (H09) when capacity present
  ---
  duration_ms: 69.9959
  type: 'test'
  ...
# Subtest: PHASE 22 / N15 — max sessions/week counts distinct (day, session) tuples (H10)
ok 170 - PHASE 22 / N15 — max sessions/week counts distinct (day, session) tuples (H10)
  ---
  duration_ms: 67.7292
  type: 'test'
  ...
# Subtest: PHASE 22 / N16 — fixed day off violation detected (H11)
ok 171 - PHASE 22 / N16 — fixed day off violation detected (H11)
  ---
  duration_ms: 67.8779
  type: 'test'
  ...
# Subtest: PHASE 22 / N17 — preferredSession is NOT a hard constraint (H12 INACTIVE)
ok 172 - PHASE 22 / N17 — preferredSession is NOT a hard constraint (H12 INACTIVE)
  ---
  duration_ms: 67.1889
  type: 'test'
  ...
# Subtest: PHASE 22 / N18 — empty transfer permission remains an ACTIVE home-only rule
ok 173 - PHASE 22 / N18 — empty transfer permission remains an ACTIVE home-only rule
  ---
  duration_ms: 71.9999
  type: 'test'
  ...
# Subtest: PHASE 22 / N19 — travel missing => H14 UNSUPPORTED, no fake matrix, no false violations
ok 174 - PHASE 22 / N19 — travel missing => H14 UNSUPPORTED, no fake matrix, no false violations
  ---
  duration_ms: 66.5834
  type: 'test'
  ...
# Subtest: PHASE 22 / N20 — hard violation cannot be hidden by a good soft score (§22)
ok 175 - PHASE 22 / N20 — hard violation cannot be hidden by a good soft score (§22)
  ---
  duration_ms: 65.5457
  type: 'test'
  ...
# Subtest: PHASE 22 / N21 — empty candidate returns correct demand violations (no spurious errors)
ok 176 - PHASE 22 / N21 — empty candidate returns correct demand violations (no spurious errors)
  ---
  duration_ms: 72.3425
  type: 'test'
  ...
# Subtest: PHASE 22 / N22 — complete valid candidate produces zero hard violations
ok 177 - PHASE 22 / N22 — complete valid candidate produces zero hard violations
  ---
  duration_ms: 66.8215
  type: 'test'
  ...
# Subtest: PHASE 22 / N23 — historical baseline can be evaluated without becoming fixed (no mutation)
ok 178 - PHASE 22 / N23 — historical baseline can be evaluated without becoming fixed (no mutation)
  ---
  duration_ms: 74.1061
  type: 'test'
  ...
# Subtest: PHASE 22 / N24 — evaluator deterministic: same inputs = same result
ok 179 - PHASE 22 / N24 — evaluator deterministic: same inputs = same result
  ---
  duration_ms: 68.468
  type: 'test'
  ...
# Subtest: PHASE 22 / N25 — S04 (workload balance) is INACTIVE in the real dataset (placeholder gate)
ok 180 - PHASE 22 / N25 — S04 (workload balance) is INACTIVE in the real dataset (placeholder gate)
  ---
  duration_ms: 67.0772
  type: 'test'
  ...
# Subtest: PHASE 22 / N25b — H09 (workload capacity) is INACTIVE in the real dataset (placeholder gate)
ok 181 - PHASE 22 / N25b — H09 (workload capacity) is INACTIVE in the real dataset (placeholder gate)
  ---
  duration_ms: 67.7817
  type: 'test'
  ...
# Subtest: PHASE 22 / N26 — every soft constraint is ACTIVELY wired (no orphan entries)
ok 182 - PHASE 22 / N26 — every soft constraint is ACTIVELY wired (no orphan entries)
  ---
  duration_ms: 69.2374
  type: 'test'
  ...
# Subtest: PHASE 22 / N27 — evaluator returns aggregate shape per §22
ok 183 - PHASE 22 / N27 — evaluator returns aggregate shape per §22
  ---
  duration_ms: 65.6662
  type: 'test'
  ...
# Subtest: PHASE 22 / N28 — real-data baseline: H14 (Travel) is UNSUPPORTED
ok 184 - PHASE 22 / N28 — real-data baseline: H14 (Travel) is UNSUPPORTED
  ---
  duration_ms: 76.7642
  type: 'test'
  ...
# Subtest: PHASE 23 / C1 — solver returns a candidate on real data
ok 185 - PHASE 23 / C1 — solver returns a candidate on real data
  ---
  duration_ms: 700.7957
  type: 'test'
  ...
# Subtest: PHASE 23 / C2 — candidate is NOT the legacy baseline object
ok 186 - PHASE 23 / C2 — candidate is NOT the legacy baseline object
  ---
  duration_ms: 537.3599
  type: 'test'
  ...
# Subtest: PHASE 23 / C3 — candidate has 802 placements (full demand coverage)
ok 187 - PHASE 23 / C3 — candidate has 802 placements (full demand coverage)
  ---
  duration_ms: 519.9633
  type: 'test'
  ...
# Subtest: PHASE 23 / C4 — all 479 assignments are represented in candidate
ok 188 - PHASE 23 / C4 — all 479 assignments are represented in candidate
  ---
  duration_ms: 493.0828
  type: 'test'
  ...
# Subtest: PHASE 23 / C5 — every assignment reaches requiredPeriods (no partial)
ok 189 - PHASE 23 / C5 — every assignment reaches requiredPeriods (no partial)
  ---
  duration_ms: 482.7481
  type: 'test'
  ...
# Subtest: PHASE 23 / C6 — no duplicate class slot (with session-aware identity)
ok 190 - PHASE 23 / C6 — no duplicate class slot (with session-aware identity)
  ---
  duration_ms: 503.1292
  type: 'test'
  ...
# Subtest: PHASE 23 / C7 — no duplicate teacher slot (with session-aware identity)
ok 191 - PHASE 23 / C7 — no duplicate teacher slot (with session-aware identity)
  ---
  duration_ms: 525.1494
  type: 'test'
  ...
# Subtest: PHASE 23 / C8 — every (teacherId, subjectId) pairing is eligible
ok 192 - PHASE 23 / C8 — every (teacherId, subjectId) pairing is eligible
  ---
  duration_ms: 499.1742
  type: 'test'
  ...
# Subtest: PHASE 23 / C9 — every teacher used in candidate is active
ok 193 - PHASE 23 / C9 — every teacher used in candidate is active
  ---
  duration_ms: 487.4507
  type: 'test'
  ...
# Subtest: PHASE 23 / C9b — every subject used in candidate is active
ok 194 - PHASE 23 / C9b — every subject used in candidate is active
  ---
  duration_ms: 478.9727
  type: 'test'
  ...
# Subtest: PHASE 23 / C10 — CN-TH never appears in candidate demand
ok 195 - PHASE 23 / C10 — CN-TH never appears in candidate demand
  ---
  duration_ms: 514.183
  type: 'test'
  ...
# Subtest: PHASE 23 / C11 — every placement references a valid branch
ok 196 - PHASE 23 / C11 — every placement references a valid branch
  ---
  duration_ms: 495.9051
  type: 'test'
  ...
# Subtest: PHASE 23 / C11b — every placement is within the branch profile (schoolDays × periods)
ok 197 - PHASE 23 / C11b — every placement is within the branch profile (schoolDays × periods)
  ---
  duration_ms: 525.0929
  type: 'test'
  ...
# Subtest: PHASE 23 / C12 — every placement has day, period, branchId, teacherId
ok 198 - PHASE 23 / C12 — every placement has day, period, branchId, teacherId
  ---
  duration_ms: 507.2957
  type: 'test'
  ...
# Subtest: PHASE 23 / C13 — independent constraint evaluator: zero hard violations
ok 199 - PHASE 23 / C13 — independent constraint evaluator: zero hard violations
  ---
  duration_ms: 497.4319
  type: 'test'
  ...
# Subtest: PHASE 23 / C14 — evaluator accepts candidate (summary.accepted = true)
ok 200 - PHASE 23 / C14 — evaluator accepts candidate (summary.accepted = true)
  ---
  duration_ms: 522.2818
  type: 'test'
  ...
# Subtest: PHASE 23 / C15 — solver is deterministic: same seed → identical candidate
ok 201 - PHASE 23 / C15 — solver is deterministic: same seed → identical candidate
  ---
  duration_ms: 980.4678
  type: 'test'
  ...
# Subtest: PHASE 23 / C15b — solver is deterministic across repeated runs (5x)
ok 202 - PHASE 23 / C15b — solver is deterministic across repeated runs (5x)
  ---
  duration_ms: 2983.4652
  type: 'test'
  ...
# Subtest: PHASE 23 / C16 — solver does not mutate SchedulingInput
ok 203 - PHASE 23 / C16 — solver does not mutate SchedulingInput
  ---
  duration_ms: 1028.1063
  type: 'test'
  ...
# Subtest: PHASE 23 / C17 — solver does not mutate legacy baseline
ok 204 - PHASE 23 / C17 — solver does not mutate legacy baseline
  ---
  duration_ms: 1000.4685
  type: 'test'
  ...
# Subtest: PHASE 23 / C18 — solver does not fabricate travel data
ok 205 - PHASE 23 / C18 — solver does not fabricate travel data
  ---
  duration_ms: 489.9697
  type: 'test'
  ...
# Subtest: PHASE 23 / C20 — solver reports EMPTY / NO_SOLUTION when demand is impossible
ok 206 - PHASE 23 / C20 — solver reports EMPTY / NO_SOLUTION when demand is impossible
  ---
  duration_ms: 574.7538
  type: 'test'
  ...
# Subtest: PHASE 23 / C21 — solver candidate uses every active teacher (cohort integrity)
ok 207 - PHASE 23 / C21 — solver candidate uses every active teacher (cohort integrity)
  ---
  duration_ms: 531.5309
  type: 'test'
  ...
# Subtest: PHASE 23 / C22 — baseline is independent reference, not a dependency
ok 208 - PHASE 23 / C22 — baseline is independent reference, not a dependency
  ---
  duration_ms: 488.3703
  type: 'test'
  ...
# Subtest: PHASE 23 / C23 — phase-22.1 reconciliation invariants still hold after Phase 23
ok 209 - PHASE 23 / C23 — phase-22.1 reconciliation invariants still hold after Phase 23
  ---
  duration_ms: 508.4416
  type: 'test'
  ...
# Subtest: PHASE 23 / C24 — solver writes diagnostics.hardViolationCount = 0 on success
ok 210 - PHASE 23 / C24 — solver writes diagnostics.hardViolationCount = 0 on success
  ---
  duration_ms: 493.8154
  type: 'test'
  ...
# Subtest: PHASE 24.1 / 1 — comparator direction: lower projected load wins (controlled fixture)
ok 211 - PHASE 24.1 / 1 — comparator direction: lower projected load wins (controlled fixture)
  ---
  duration_ms: 14.875
  type: 'test'
  ...
# Subtest: PHASE 24.1 / 2 — workloadSpread reporting is correct (metric is derived, not optimized)
ok 212 - PHASE 24.1 / 2 — workloadSpread reporting is correct (metric is derived, not optimized)
  ---
  duration_ms: 1.1397
  type: 'test'
  ...
# Subtest: PHASE 24.1 / 3 — comparator prefers teacher with lower projected load
ok 213 - PHASE 24.1 / 3 — comparator prefers teacher with lower projected load
  ---
  duration_ms: 1.1169
  type: 'test'
  ...
# Subtest: PHASE 24.1 / 4 — comparator tiebreak (i DESC) is intentional and documented
ok 214 - PHASE 24.1 / 4 — comparator tiebreak (i DESC) is intentional and documented
  ---
  duration_ms: 1.6248
  type: 'test'
  ...
# Subtest: PHASE 24.1 / 5 — metrics and objective are distinct (solver does not read metrics for ranking)
ok 215 - PHASE 24.1 / 5 — metrics and objective are distinct (solver does not read metrics for ranking)
  ---
  duration_ms: 740.1551
  type: 'test'
  ...
# Subtest: PHASE 24.1 / 6 — totalSoftCost = workloadSpread/avg + preferencePenalty
ok 216 - PHASE 24.1 / 6 — totalSoftCost = workloadSpread/avg + preferencePenalty
  ---
  duration_ms: 583.1777
  type: 'test'
  ...
# Subtest: PHASE 24.1 / 7 — preferencePenalty semantics: REPORTED metric, NOT optimization target
ok 217 - PHASE 24.1 / 7 — preferencePenalty semantics: REPORTED metric, NOT optimization target
  ---
  duration_ms: 1271.3828
  type: 'test'
  ...
# Subtest: PHASE 24.1 / 8 — deterministic comparator (same seed → same placements, all modes)
ok 218 - PHASE 24.1 / 8 — deterministic comparator (same seed → same placements, all modes)
  ---
  duration_ms: 2424.8312
  type: 'test'
  ...
# Subtest: PHASE 24.1 / 9 — BASE_FEASIBLE preserves complete, permitted coverage after teacher optimization
ok 219 - PHASE 24.1 / 9 — BASE_FEASIBLE preserves complete, permitted coverage after teacher optimization
  ---
  duration_ms: 559.3685
  type: 'test'
  ...
# Subtest: PHASE 24.1 / 10 — balancing changes transfer decisions after preserving the common home stage
ok 220 - PHASE 24.1 / 10 — balancing changes transfer decisions after preserving the common home stage
  ---
  duration_ms: 1065.6157
  type: 'test'
  ...
# Subtest: PHASE 24.1 / 11 — real candidate remains hard-feasible (BASE & BALANCED)
ok 221 - PHASE 24.1 / 11 — real candidate remains hard-feasible (BASE & BALANCED)
  ---
  duration_ms: 1050.7059
  type: 'test'
  ...
# Subtest: PHASE 24.1 / 12 — real candidate deterministic across repeated runs (all modes)
ok 222 - PHASE 24.1 / 12 — real candidate deterministic across repeated runs (all modes)
  ---
  duration_ms: 2100.3343
  type: 'test'
  ...
# Subtest: PHASE 24.1 / 13 — LIMITED_SEARCH: greedy local comparator does not reach global optimum
ok 223 - PHASE 24.1 / 13 — LIMITED_SEARCH: greedy local comparator does not reach global optimum
  ---
  duration_ms: 2.0151
  type: 'test'
  ...
# Subtest: PHASE 24.1 / 14 — deriveMetrics is pure and deterministic
ok 224 - PHASE 24.1 / 14 — deriveMetrics is pure and deterministic
  ---
  duration_ms: 575.8506
  type: 'test'
  ...
# Subtest: PHASE 24.1 / 15 — metric (workloadSpread) and objective (projectedLoad) are distinct
ok 225 - PHASE 24.1 / 15 — metric (workloadSpread) and objective (projectedLoad) are distinct
  ---
  duration_ms: 535.2781
  type: 'test'
  ...
# Subtest: PHASE 24.1 / 16 — summary: metrics match actual loads under explicit transfer permission
ok 226 - PHASE 24.1 / 16 — summary: metrics match actual loads under explicit transfer permission
  ---
  duration_ms: 1030.8523
  type: 'test'
  ...
# Subtest: PHASE 24 / 1 — optimizationMode enum exists and is round-trippable
ok 227 - PHASE 24 / 1 — optimizationMode enum exists and is round-trippable
  ---
  duration_ms: 0.7552
  type: 'test'
  ...
# Subtest: PHASE 24 / 2 — BASE_FEASIBLE produces the Phase 23 candidate shape
ok 228 - PHASE 24 / 2 — BASE_FEASIBLE produces the Phase 23 candidate shape
  ---
  duration_ms: 712.5549
  type: 'test'
  ...
# Subtest: PHASE 24 / 3 — ASSIGNMENT_BALANCED produces a feasible candidate on real data
ok 229 - PHASE 24 / 3 — ASSIGNMENT_BALANCED produces a feasible candidate on real data
  ---
  duration_ms: 591.5352
  type: 'test'
  ...
# Subtest: PHASE 24 / 4 — independent constraint evaluator: zero hard violations (BALANCED)
ok 230 - PHASE 24 / 4 — independent constraint evaluator: zero hard violations (BALANCED)
  ---
  duration_ms: 533.6609
  type: 'test'
  ...
# Subtest: PHASE 24 / 5 — all 479 assignments are fulfilled with requiredPeriods (BALANCED)
ok 231 - PHASE 24 / 5 — all 479 assignments are fulfilled with requiredPeriods (BALANCED)
  ---
  duration_ms: 514.736
  type: 'test'
  ...
# Subtest: PHASE 24 / 6 — candidate has 802 placements (BALANCED full demand coverage)
ok 232 - PHASE 24 / 6 — candidate has 802 placements (BALANCED full demand coverage)
  ---
  duration_ms: 511.178
  type: 'test'
  ...
# Subtest: PHASE 24 / 7 — every (teacherId, subjectId) pairing is eligible (BALANCED)
ok 233 - PHASE 24 / 7 — every (teacherId, subjectId) pairing is eligible (BALANCED)
  ---
  duration_ms: 546.7918
  type: 'test'
  ...
# Subtest: PHASE 24 / 8 — no duplicate class slot (BALANCED session-aware)
ok 234 - PHASE 24 / 8 — no duplicate class slot (BALANCED session-aware)
  ---
  duration_ms: 523.3318
  type: 'test'
  ...
# Subtest: PHASE 24 / 9 — no duplicate teacher slot (BALANCED session-aware)
ok 235 - PHASE 24 / 9 — no duplicate teacher slot (BALANCED session-aware)
  ---
  duration_ms: 505.9924
  type: 'test'
  ...
# Subtest: PHASE 24 / 10 — inactive entities are excluded (BALANCED)
ok 236 - PHASE 24 / 10 — inactive entities are excluded (BALANCED)
  ---
  duration_ms: 512.5778
  type: 'test'
  ...
# Subtest: PHASE 24 / 11 — workload metrics are deterministic for the same candidate
ok 237 - PHASE 24 / 11 — workload metrics are deterministic for the same candidate
  ---
  duration_ms: 527.395
  type: 'test'
  ...
# Subtest: PHASE 24 / 12 — same seed gives same candidate (BASE_FEASIBLE & BALANCED, 3x each)
ok 238 - PHASE 24 / 12 — same seed gives same candidate (BASE_FEASIBLE & BALANCED, 3x each)
  ---
  duration_ms: 4112.5164
  type: 'test'
  ...
# Subtest: PHASE 24 / 13 — optimisation objective changes search behaviour on a controlled fixture
ok 239 - PHASE 24 / 13 — optimisation objective changes search behaviour on a controlled fixture
  ---
  duration_ms: 2.0168
  type: 'test'
  ...
# Subtest: PHASE 24 / 14 — workload metric is teacher-level (not slot-level, not split by subject)
ok 240 - PHASE 24 / 14 — workload metric is teacher-level (not slot-level, not split by subject)
  ---
  duration_ms: 589.5141
  type: 'test'
  ...
# Subtest: PHASE 24 / 15 — teacher with multiple specialisations counts as one teacher
ok 241 - PHASE 24 / 15 — teacher with multiple specialisations counts as one teacher
  ---
  duration_ms: 1.1442
  type: 'test'
  ...
# Subtest: PHASE 24 / 16 — no fake capacity is introduced (no `capacity` field)
ok 242 - PHASE 24 / 16 — no fake capacity is introduced (no `capacity` field)
  ---
  duration_ms: 557.9082
  type: 'test'
  ...
# Subtest: PHASE 24 / 17 — baseline is not a constraint (changedAssignments may be non-zero)
ok 243 - PHASE 24 / 17 — baseline is not a constraint (changedAssignments may be non-zero)
  ---
  duration_ms: 533.9537
  type: 'test'
  ...
# Subtest: PHASE 24 / 18 — travel is not fabricated; H14 remains UNSUPPORTED
ok 244 - PHASE 24 / 18 — travel is not fabricated; H14 remains UNSUPPORTED
  ---
  duration_ms: 536.9594
  type: 'test'
  ...
# Subtest: PHASE 24 / 19 — independent evaluator accepts the optimised candidate
ok 245 - PHASE 24 / 19 — independent evaluator accepts the optimised candidate
  ---
  duration_ms: 542.5399
  type: 'test'
  ...
# Subtest: PHASE 24 / 20 — Phase 23 / C1..C24 invariants still hold after Phase 24
ok 246 - PHASE 24 / 20 — Phase 23 / C1..C24 invariants still hold after Phase 24
  ---
  duration_ms: 1134.5497
  type: 'test'
  ...
# Subtest: PHASE 24 / 21 — metrics surface exposes the brief-required fields
ok 247 - PHASE 24 / 21 — metrics surface exposes the brief-required fields
  ---
  duration_ms: 536.0712
  type: 'test'
  ...
# Subtest: PHASE 25 / 1 — GLOBAL_ASSIGNMENT_BALANCED mode exists
ok 248 - PHASE 25 / 1 — GLOBAL_ASSIGNMENT_BALANCED mode exists
  ---
  duration_ms: 1.149
  type: 'test'
  ...
# Subtest: PHASE 25 / 2 — BASE_FEASIBLE preserves valid coverage while allowing permitted teacher optimization
ok 249 - PHASE 25 / 2 — BASE_FEASIBLE preserves valid coverage while allowing permitted teacher optimization
  ---
  duration_ms: 2840.4309
  type: 'test'
  ...
# Subtest: PHASE 25 / 3 — ASSIGNMENT_BALANCED preserves demand and reports actual load distribution
ok 250 - PHASE 25 / 3 — ASSIGNMENT_BALANCED preserves demand and reports actual load distribution
  ---
  duration_ms: 2736.9698
  type: 'test'
  ...
# Subtest: PHASE 25 / 4 — global comparator is deterministic
ok 251 - PHASE 25 / 4 — global comparator is deterministic
  ---
  duration_ms: 0.8539
  type: 'test'
  ...
# Subtest: PHASE 25 / 5 — comparator direction: lower workloadSpread wins
ok 252 - PHASE 25 / 5 — comparator direction: lower workloadSpread wins
  ---
  duration_ms: 0.2314
  type: 'test'
  ...
# Subtest: PHASE 25 / 5b — comparator direction: lower maxTeacherLoad wins (same spread)
ok 253 - PHASE 25 / 5b — comparator direction: lower maxTeacherLoad wins (same spread)
  ---
  duration_ms: 0.129
  type: 'test'
  ...
# Subtest: PHASE 25 / 6 — first feasible is not automatically returned (GLOBAL continues search)
ok 254 - PHASE 25 / 6 — first feasible is not automatically returned (GLOBAL continues search)
  ---
  duration_ms: 13.5437
  type: 'test'
  ...
# Subtest: PHASE 25 / 7 — multiple complete feasible candidates compared via global comparator
ok 255 - PHASE 25 / 7 — multiple complete feasible candidates compared via global comparator
  ---
  duration_ms: 2109.2845
  type: 'test'
  ...
# Subtest: PHASE 25 / 8 — worse candidate does not replace incumbent
ok 256 - PHASE 25 / 8 — worse candidate does not replace incumbent
  ---
  duration_ms: 0.3166
  type: 'test'
  ...
# Subtest: PHASE 25 / 9 — better candidate replaces incumbent
ok 257 - PHASE 25 / 9 — better candidate replaces incumbent
  ---
  duration_ms: 0.2956
  type: 'test'
  ...
# Subtest: PHASE 25 / 10 — H07 remains one teacher per class-subject (GLOBAL mode)
ok 258 - PHASE 25 / 10 — H07 remains one teacher per class-subject (GLOBAL mode)
  ---
  duration_ms: 1290.0699
  type: 'test'
  ...
# Subtest: PHASE 25 / 11 — teacher-level workload (multi-specialization counts as one teacher)
ok 259 - PHASE 25 / 11 — teacher-level workload (multi-specialization counts as one teacher)
  ---
  duration_ms: 3.7451
  type: 'test'
  ...
# Subtest: PHASE 25 / 13 — controlled greedy trap: GLOBAL improves over BALANCED (greedy local)
ok 260 - PHASE 25 / 13 — controlled greedy trap: GLOBAL improves over BALANCED (greedy local)
  ---
  duration_ms: 159.5963
  type: 'test'
  ...
# Subtest: PHASE 25 / 14 — real data produces hard-feasible candidate (GLOBAL mode)
ok 261 - PHASE 25 / 14 — real data produces hard-feasible candidate (GLOBAL mode)
  ---
  duration_ms: 1234.4007
  type: 'test'
  ...
# Subtest: PHASE 25 / 15 — independent validator accepts the GLOBAL candidate
ok 262 - PHASE 25 / 15 — independent validator accepts the GLOBAL candidate
  ---
  duration_ms: 1225.1526
  type: 'test'
  ...
# Subtest: PHASE 25 / 16 — GLOBAL candidate is not worse than the BALANCED candidate (regression guarantee)
ok 263 - PHASE 25 / 16 — GLOBAL candidate is not worse than the BALANCED candidate (regression guarantee)
  ---
  duration_ms: 122.3899
  type: 'test'
  ...
# Subtest: PHASE 25 / 17 — time budget respected (GLOBAL mode)
ok 264 - PHASE 25 / 17 — time budget respected (GLOBAL mode)
  ---
  duration_ms: 2020.3926
  type: 'test'
  ...
# Subtest: PHASE 25 / 18 — no-solution still reports correctly (GLOBAL mode)
ok 265 - PHASE 25 / 18 — no-solution still reports correctly (GLOBAL mode)
  ---
  duration_ms: 0.62
  type: 'test'
  ...
# Subtest: PHASE 25 / 19 — DETERMINISTIC_SEARCH: repeated solve is byte-identical on a bounded fixture
ok 266 - PHASE 25 / 19 — DETERMINISTIC_SEARCH: repeated solve is byte-identical on a bounded fixture
  ---
  duration_ms: 30.8713
  type: 'test'
  ...
# Subtest: PHASE 25 / 19b — DETERMINISTIC_SEARCH holds on the real 479-assignment dataset
ok 267 - PHASE 25 / 19b — DETERMINISTIC_SEARCH holds on the real 479-assignment dataset
  ---
  duration_ms: 4169.4167
  type: 'test'
  ...
# Subtest: PHASE 25 / 19c — TIME_BUDGETED_SEARCH: a binding budget is reported, and no determinism is claimed
ok 268 - PHASE 25 / 19c — TIME_BUDGETED_SEARCH: a binding budget is reported, and no determinism is claimed
  ---
  duration_ms: 305.2361
  type: 'test'
  ...
# Subtest: PHASE 25 / 19d — the search reports which bound stopped it
ok 269 - PHASE 25 / 19d — the search reports which bound stopped it
  ---
  duration_ms: 55.8196
  type: 'test'
  ...
# Subtest: PHASE 25 / 20 — SchedulingInput before vs after solve (immutability)
ok 270 - PHASE 25 / 20 — SchedulingInput before vs after solve (immutability)
  ---
  duration_ms: 2144.0566
  type: 'test'
  ...
# Subtest: PHASE 25 / 21 — legacy baseline remains unchanged
ok 271 - PHASE 25 / 21 — legacy baseline remains unchanged
  ---
  duration_ms: 2146.1199
  type: 'test'
  ...
# Subtest: PHASE 25 / 22 — no travel fabricated; H14 remains UNSUPPORTED
ok 272 - PHASE 25 / 22 — no travel fabricated; H14 remains UNSUPPORTED
  ---
  duration_ms: 1256.827
  type: 'test'
  ...
# Subtest: PHASE 25 / 24 — bestCandidateUpdates >= 1 on the greedy-trap fixture
ok 273 - PHASE 25 / 24 — bestCandidateUpdates >= 1 on the greedy-trap fixture
  ---
  duration_ms: 4.9259
  type: 'test'
  ...
# Subtest: PHASE 25 / 25 — searchNodes vs completeCandidates are tracked separately
ok 274 - PHASE 25 / 25 — searchNodes vs completeCandidates are tracked separately
  ---
  duration_ms: 4.9399
  type: 'test'
  ...
# Subtest: PHASE 25 / 25b — when completeCandidates > 1, the solver actually compares them
ok 275 - PHASE 25 / 25b — when completeCandidates > 1, the solver actually compares them
  ---
  duration_ms: 2055.1797
  type: 'test'
  ...
# Subtest: PHASE 25 / 26 — real-data: both BASE and GLOBAL retain finite workload metrics
ok 276 - PHASE 25 / 26 — real-data: both BASE and GLOBAL retain finite workload metrics
  ---
  duration_ms: 8710.3687
  type: 'test'
  ...
# Subtest: PHASE 25 / 27 — diagnostics counters expose the brief-required fields
ok 277 - PHASE 25 / 27 — diagnostics counters expose the brief-required fields
  ---
  duration_ms: 1251.8489
  type: 'test'
  ...
# Subtest: PHASE 26 / 1 — 7 branches resolved from real data
ok 278 - PHASE 26 / 1 — 7 branches resolved from real data
  ---
  duration_ms: 110.6875
  type: 'test'
  ...
# Subtest: PHASE 26 / 2 — every teacher homeBranchId resolves to a branch in the graph
ok 279 - PHASE 26 / 2 — every teacher homeBranchId resolves to a branch in the graph
  ---
  duration_ms: 73.1364
  type: 'test'
  ...
# Subtest: PHASE 26 / 3 — allowedTransferBranches, when present, resolve to branches in the graph
ok 280 - PHASE 26 / 3 — allowedTransferBranches, when present, resolve to branches in the graph
  ---
  duration_ms: 72.1001
  type: 'test'
  ...
# Subtest: PHASE 26 / 4 — preferredTransferBranches, when present, resolve to branches in the graph
ok 281 - PHASE 26 / 4 — preferredTransferBranches, when present, resolve to branches in the graph
  ---
  duration_ms: 69.9722
  type: 'test'
  ...
# Subtest: PHASE 26 / 5 — missing homeBranchId is reported, not fabricated
ok 282 - PHASE 26 / 5 — missing homeBranchId is reported, not fabricated
  ---
  duration_ms: 72.2346
  type: 'test'
  ...
# Subtest: PHASE 26 / 6 — canWorkAtBranch never reads travel data
ok 283 - PHASE 26 / 6 — canWorkAtBranch never reads travel data
  ---
  duration_ms: 0.3929
  type: 'test'
  ...
# Subtest: PHASE 26 / 7 — historical transferred assignments = 87
ok 284 - PHASE 26 / 7 — historical transferred assignments = 87
  ---
  duration_ms: 67.0337
  type: 'test'
  ...
# Subtest: PHASE 26 / 8 — historical transfer logs = 4175
ok 285 - PHASE 26 / 8 — historical transfer logs = 4175
  ---
  duration_ms: 67.5129
  type: 'test'
  ...
# Subtest: PHASE 26 / 9 — transfer logs SUCCESS = 3626
ok 286 - PHASE 26 / 9 — transfer logs SUCCESS = 3626
  ---
  duration_ms: 67.646
  type: 'test'
  ...
# Subtest: PHASE 26 / 10 — transfer logs FAILED = 549
ok 287 - PHASE 26 / 10 — transfer logs FAILED = 549
  ---
  duration_ms: 75.1524
  type: 'test'
  ...
# Subtest: PHASE 26 / 11 — orphan transfer references = 731 (transfer logs with orphan assignment id)
ok 288 - PHASE 26 / 11 — orphan transfer references = 731 (transfer logs with orphan assignment id)
  ---
  duration_ms: 63.3397
  type: 'test'
  ...
# Subtest: PHASE 26 / 12 — orphan logs preserved in the audit (no deletion)
ok 289 - PHASE 26 / 12 — orphan logs preserved in the audit (no deletion)
  ---
  duration_ms: 65.3166
  type: 'test'
  ...
# Subtest: PHASE 26 / 13 — failure reasons preserved verbatim from source
ok 290 - PHASE 26 / 13 — failure reasons preserved verbatim from source
  ---
  duration_ms: 66.5175
  type: 'test'
  ...
# Subtest: PHASE 26 / 14 — H14 (Travel feasibility) remains UNSUPPORTED
ok 291 - PHASE 26 / 14 — H14 (Travel feasibility) remains UNSUPPORTED
  ---
  duration_ms: 75.1818
  type: 'test'
  ...
# Subtest: PHASE 26 / 15 — no travel matrix is fabricated by the audit or solver
ok 292 - PHASE 26 / 15 — no travel matrix is fabricated by the audit or solver
  ---
  duration_ms: 70.4
  type: 'test'
  ...
# Subtest: PHASE 26 / 16 — TravelProvider interface is deterministic
ok 293 - PHASE 26 / 16 — TravelProvider interface is deterministic
  ---
  duration_ms: 0.2301
  type: 'test'
  ...
# Subtest: PHASE 26 / 17 — unknown travel does not become 0
ok 294 - PHASE 26 / 17 — unknown travel does not become 0
  ---
  duration_ms: 0.1728
  type: 'test'
  ...
# Subtest: PHASE 26 / 19 — transfer helpers are deterministic and pure
ok 295 - PHASE 26 / 19 — transfer helpers are deterministic and pure
  ---
  duration_ms: 0.3112
  type: 'test'
  ...
# Subtest: PHASE 26 / 20 — baseline transfer rows are HISTORICAL only (not solver-fixed)
ok 296 - PHASE 26 / 20 — baseline transfer rows are HISTORICAL only (not solver-fixed)
  ---
  duration_ms: 67.6995
  type: 'test'
  ...
# Subtest: PHASE 26 / 21 — Phase 25 GLOBAL_ASSIGNMENT_BALANCED still produces a candidate on real data
ok 297 - PHASE 26 / 21 — Phase 25 GLOBAL_ASSIGNMENT_BALANCED still produces a candidate on real data
  ---
  duration_ms: 2256.1655
  type: 'test'
  ...
# Subtest: PHASE 26 / 22 — generated GLOBAL candidate is valid; legacy baseline is judged under current rules
ok 298 - PHASE 26 / 22 — generated GLOBAL candidate is valid; legacy baseline is judged under current rules
  ---
  duration_ms: 2048.9439
  type: 'test'
  ...
# Subtest: PHASE 26 / 23 — getTravelProviderStatus normalises all three factory outputs
ok 299 - PHASE 26 / 23 — getTravelProviderStatus normalises all three factory outputs
  ---
  duration_ms: 0.1071
  type: 'test'
  ...
# Subtest: PHASE 26 / 24 — getNextTemporalSlot is order-aware and pure
ok 300 - PHASE 26 / 24 — getNextTemporalSlot is order-aware and pure
  ---
  duration_ms: 0.0915
  type: 'test'
  ...
# Subtest: PHASE 26 / 25 — checkTransition is preserved as an alias of isTravelFeasible
ok 301 - PHASE 26 / 25 — checkTransition is preserved as an alias of isTravelFeasible
  ---
  duration_ms: 0.0747
  type: 'test'
  ...
# Subtest: PHASE 26 / 26 — analyzeOrphanReferences returns a stable structure
ok 302 - PHASE 26 / 26 — analyzeOrphanReferences returns a stable structure
  ---
  duration_ms: 69.6065
  type: 'test'
  ...
# Subtest: PHASE 26 / 27 — analyzeTransferHistory exposes the brief-required buckets
ok 303 - PHASE 26 / 27 — analyzeTransferHistory exposes the brief-required buckets
  ---
  duration_ms: 66.9248
  type: 'test'
  ...
# Subtest: PHASE 27 / 1 — count=1 returns exactly one valid solution on real data
ok 304 - PHASE 27 / 1 — count=1 returns exactly one valid solution on real data
  ---
  duration_ms: 1454.8831
  type: 'test'
  ...
# Subtest: PHASE 27 / 2 — count=3 produces up to 3 feasible distinct solutions on real data
ok 305 - PHASE 27 / 2 — count=3 produces up to 3 feasible distinct solutions on real data
  ---
  duration_ms: 3695.0011
  type: 'test'
  ...
# Subtest: PHASE 27 / 3 — count=5 produces up to 5 feasible distinct solutions on real data
ok 306 - PHASE 27 / 3 — count=5 produces up to 5 feasible distinct solutions on real data
  ---
  duration_ms: 6118.0413
  type: 'test'
  ...
# Subtest: PHASE 27 / 4 — every returned solution has hardViolations = 0 in its own metrics
ok 307 - PHASE 27 / 4 — every returned solution has hardViolations = 0 in its own metrics
  ---
  duration_ms: 5779.308
  type: 'test'
  ...
# Subtest: PHASE 27 / 5 — every returned solution accepted by the independent evaluator
ok 308 - PHASE 27 / 5 — every returned solution accepted by the independent evaluator
  ---
  duration_ms: 5785.4384
  type: 'test'
  ...
# Subtest: PHASE 27 / 6 — every returned solution is complete (802 slots, 479 assignments) on real data
ok 309 - PHASE 27 / 6 — every returned solution is complete (802 slots, 479 assignments) on real data
  ---
  duration_ms: 3482.7205
  type: 'test'
  ...
# Subtest: PHASE 27 / 7 — no two solutions share the same id (multi-solution uniqueness)
ok 310 - PHASE 27 / 7 — no two solutions share the same id (multi-solution uniqueness)
  ---
  duration_ms: 5755.3419
  type: 'test'
  ...
# Subtest: PHASE 27 / 8 — near-duplicate (slot diversity < threshold) is rejected from the kept set
ok 311 - PHASE 27 / 8 — near-duplicate (slot diversity < threshold) is rejected from the kept set
  ---
  duration_ms: 5704.2109
  type: 'test'
  ...
# Subtest: PHASE 27 / 9 — minSlotDiversity config knob respected (threshold=0.30)
ok 312 - PHASE 27 / 9 — minSlotDiversity config knob respected (threshold=0.30)
  ---
  duration_ms: 3505.3687
  type: 'test'
  ...
# Subtest: PHASE 27 / 10 — every solution reports a teacherDay diversity
ok 313 - PHASE 27 / 10 — every solution reports a teacherDay diversity
  ---
  duration_ms: 3409.2827
  type: 'test'
  ...
# Subtest: PHASE 27 / 11 — every solution reports a sessionMix diversity
ok 314 - PHASE 27 / 11 — every solution reports a sessionMix diversity
  ---
  duration_ms: 3456.3351
  type: 'test'
  ...
# Subtest: PHASE 27 / 12 — every solution reports an overall structural diversity
ok 315 - PHASE 27 / 12 — every solution reports an overall structural diversity
  ---
  duration_ms: 3488.8878
  type: 'test'
  ...
# Subtest: PHASE 27 / 13 — overall = 0.6 * teacherDay + 0.4 * sessionMix (current contract)
ok 316 - PHASE 27 / 13 — overall = 0.6 * teacherDay + 0.4 * sessionMix (current contract)
  ---
  duration_ms: 3383.544
  type: 'test'
  ...
# Subtest: PHASE 27 / 14 — session compactness is NOT used as solution diversity
ok 317 - PHASE 27 / 14 — session compactness is NOT used as solution diversity
  ---
  duration_ms: 3634.3514
  type: 'test'
  ...
# Subtest: PHASE 27 / 15 — best-quality solution is always rank=1
ok 318 - PHASE 27 / 15 — best-quality solution is always rank=1
  ---
  duration_ms: 6815.0262
  type: 'test'
  ...
# Subtest: PHASE 27 / 16 — quality rank is lexicographic; lower quality but high diversity does not bump rank
ok 319 - PHASE 27 / 16 — quality rank is lexicographic; lower quality but high diversity does not bump rank
  ---
  duration_ms: 5946.0554
  type: 'test'
  ...
# Subtest: PHASE 27 / 17 — same (input, strategy, seed, count) produces same output
ok 320 - PHASE 27 / 17 — same (input, strategy, seed, count) produces same output
  ---
  duration_ms: 7376.364
  type: 'test'
  ...
# Subtest: PHASE 27 / 18 — solution ordering is deterministic (rank 1 first, then by quality)
ok 321 - PHASE 27 / 18 — solution ordering is deterministic (rank 1 first, then by quality)
  ---
  duration_ms: 12347.0735
  type: 'test'
  ...
# Subtest: PHASE 27 / 19 — baseline is NOT a hard anchor; solutions can diverge from baseline
ok 322 - PHASE 27 / 19 — baseline is NOT a hard anchor; solutions can diverge from baseline
  ---
  duration_ms: 7349.4682
  type: 'test'
  ...
# Subtest: PHASE 27 / 19b — a time-budgeted search reports truncation instead of claiming determinism
ok 323 - PHASE 27 / 19b — a time-budgeted search reports truncation instead of claiming determinism
  ---
  duration_ms: 316.998
  type: 'test'
  ...
# Subtest: PHASE 27 / 20 — H14 (travel) remains UNSUPPORTED; travel data is not fabricated
ok 324 - PHASE 27 / 20 — H14 (travel) remains UNSUPPORTED; travel data is not fabricated
  ---
  duration_ms: 3690.4363
  type: 'test'
  ...
# Subtest: PHASE 27 / 22 — input is NOT mutated by generateSolutions
ok 325 - PHASE 27 / 22 — input is NOT mutated by generateSolutions
  ---
  duration_ms: 3077.3549
  type: 'test'
  ...
# Subtest: PHASE 27 / 23 — solve(input) still works (single-solution API regression)
ok 326 - PHASE 27 / 23 — solve(input) still works (single-solution API regression)
  ---
  duration_ms: 2168.9205
  type: 'test'
  ...
# Subtest: PHASE 27 / 24 — overall time budget respected (wall-clock never exceeds it)
ok 327 - PHASE 27 / 24 — overall time budget respected (wall-clock never exceeds it)
  ---
  duration_ms: 1616.857
  type: 'test'
  ...
# Subtest: PHASE 27 / 25 — requested N may produce fewer than N without fabrication
ok 328 - PHASE 27 / 25 — requested N may produce fewer than N without fabrication
  ---
  duration_ms: 314.3801
  type: 'test'
  ...
# Subtest: PHASE 27 / 26 — deriveSeed is deterministic: same (baseSeed, iter) -> same seed
ok 329 - PHASE 27 / 26 — deriveSeed is deterministic: same (baseSeed, iter) -> same seed
  ---
  duration_ms: 0.1356
  type: 'test'
  ...
# Subtest: PHASE 27 / 27 — deriveSeed is per-iteration distinct (no two iterations share a seed)
ok 330 - PHASE 27 / 27 — deriveSeed is per-iteration distinct (no two iterations share a seed)
  ---
  duration_ms: 0.0763
  type: 'test'
  ...
# Subtest: PHASE 27 / 28 — qualityScore is in (0, 1] and lower-spread candidates score higher
ok 331 - PHASE 27 / 28 — qualityScore is in (0, 1] and lower-spread candidates score higher
  ---
  duration_ms: 0.2442
  type: 'test'
  ...
# Subtest: PHASE 27 / 29 — pairwiseDiversityMatrix has zero diagonal and is symmetric
ok 332 - PHASE 27 / 29 — pairwiseDiversityMatrix has zero diagonal and is symmetric
  ---
  duration_ms: 3585.7931
  type: 'test'
  ...
# Subtest: PHASE 27 / 30 — MULTI_SOLUTION_DEFAULTS exposes the contract-required fields
ok 333 - PHASE 27 / 30 — MULTI_SOLUTION_DEFAULTS exposes the contract-required fields
  ---
  duration_ms: 0.0884
  type: 'test'
  ...
# Subtest: PHASE 27 / 31 — multi-solution uses GLOBAL_ASSIGNMENT_BALANCED engine
ok 334 - PHASE 27 / 31 — multi-solution uses GLOBAL_ASSIGNMENT_BALANCED engine
  ---
  duration_ms: 2098.0909
  type: 'test'
  ...
# Subtest: PHASE 27 / 32 — controlled fixture produces multiple feasible distinct solutions
ok 335 - PHASE 27 / 32 — controlled fixture produces multiple feasible distinct solutions
  ---
  duration_ms: 14.6768
  type: 'test'
  ...
# Subtest: PHASE 27 / 33 — controlled duplicate: identical candidates are filtered as near-duplicates
ok 336 - PHASE 27 / 33 — controlled duplicate: identical candidates are filtered as near-duplicates
  ---
  duration_ms: 0.2847
  type: 'test'
  ...
# Subtest: PHASE 27 / 34 — diagnostics surfaces timeBudgetHit when the overall budget expires
ok 337 - PHASE 27 / 34 — diagnostics surfaces timeBudgetHit when the overall budget expires
  ---
  duration_ms: 314.0102
  type: 'test'
  ...
# Subtest: PHASE 27 / 35 — rank=1 is comparator-best and has zero self-diversity
ok 338 - PHASE 27 / 35 — rank=1 is comparator-best and has zero self-diversity
  ---
  duration_ms: 6187.9705
  type: 'test'
  ...
# Subtest: PHASE 28 / 1 — scorer is deterministic (same input → same score)
ok 339 - PHASE 28 / 1 — scorer is deterministic (same input → same score)
  ---
  duration_ms: 1.8193
  type: 'test'
  ...
# Subtest: PHASE 28 / 2 — scorer is pure (does not mutate candidate, input, or pool)
ok 340 - PHASE 28 / 2 — scorer is pure (does not mutate candidate, input, or pool)
  ---
  duration_ms: 0.6249
  type: 'test'
  ...
# Subtest: PHASE 28 / 3 — infeasible candidate (hardViolations > 0) is never selected
ok 341 - PHASE 28 / 3 — infeasible candidate (hardViolations > 0) is never selected
  ---
  duration_ms: 0.6927
  type: 'test'
  ...
# Subtest: PHASE 28 / 4 — every dimension has an explicit MINIMIZE or MAXIMIZE direction
ok 342 - PHASE 28 / 4 — every dimension has an explicit MINIMIZE or MAXIMIZE direction
  ---
  duration_ms: 0.1236
  type: 'test'
  ...
# Subtest: PHASE 28 / 5 — MINIMIZE normalization: best raw → highest normalized
ok 343 - PHASE 28 / 5 — MINIMIZE normalization: best raw → highest normalized
  ---
  duration_ms: 0.2673
  type: 'test'
  ...
# Subtest: PHASE 28 / 6 — MAXIMIZE normalization: best raw → highest normalized
ok 344 - PHASE 28 / 6 — MAXIMIZE normalization: best raw → highest normalized
  ---
  duration_ms: 0.1858
  type: 'test'
  ...
# Subtest: PHASE 28 / 7 — zero-range (degenerate) normalization is safe (no NaN / Infinity)
ok 345 - PHASE 28 / 7 — zero-range (degenerate) normalization is safe (no NaN / Infinity)
  ---
  duration_ms: 0.25
  type: 'test'
  ...
# Subtest: PHASE 28 / 8 — weight validation: valid weights accepted; invalid rejected
ok 346 - PHASE 28 / 8 — weight validation: valid weights accepted; invalid rejected
  ---
  duration_ms: 0.1939
  type: 'test'
  ...
# Subtest: PHASE 28 / 9 — all-zero weights produce a deterministic zero global score
ok 347 - PHASE 28 / 9 — all-zero weights produce a deterministic zero global score
  ---
  duration_ms: 0.2771
  type: 'test'
  ...
# Subtest: PHASE 28 / 10 — hard feasibility dominates: a hard-infeasible candidate has feasibility=INFEASIBLE
ok 348 - PHASE 28 / 10 — hard feasibility dominates: a hard-infeasible candidate has feasibility=INFEASIBLE
  ---
  duration_ms: 0.2932
  type: 'test'
  ...
# Subtest: PHASE 28 / 11 — best-quality candidate is always rank=1 in selectFinalSolutions
ok 349 - PHASE 28 / 11 — best-quality candidate is always rank=1 in selectFinalSolutions
  ---
  duration_ms: 71.0649
  type: 'test'
  ...
# Subtest: PHASE 28 / 12 — diversity influences selection: higher diversity preferred when quality is similar
ok 350 - PHASE 28 / 12 — diversity influences selection: higher diversity preferred when quality is similar
  ---
  duration_ms: 0.3433
  type: 'test'
  ...
# Subtest: PHASE 28 / 13 — slot diversity threshold (minSlotDiversity) defaults to 0.15 and is preserved
ok 351 - PHASE 28 / 13 — slot diversity threshold (minSlotDiversity) defaults to 0.15 and is preserved
  ---
  duration_ms: 64.2101
  type: 'test'
  ...
# Subtest: PHASE 28 / 14 — structural diversity is a different metric than slot diversity
ok 352 - PHASE 28 / 14 — structural diversity is a different metric than slot diversity
  ---
  duration_ms: 62.3572
  type: 'test'
  ...
# Subtest: PHASE 28 / 15 — TRAVEL dimension is INACTIVE when H14 = UNSUPPORTED (no travel matrix)
ok 353 - PHASE 28 / 15 — TRAVEL dimension is INACTIVE when H14 = UNSUPPORTED (no travel matrix)
  ---
  duration_ms: 3.1412
  type: 'test'
  ...
# Subtest: PHASE 28 / 16 — TRANSFER dimension is INACTIVE when H13 = INACTIVE (no allowedTransferBranches)
ok 354 - PHASE 28 / 16 — TRANSFER dimension is INACTIVE when H13 = INACTIVE (no allowedTransferBranches)
  ---
  duration_ms: 3.3648
  type: 'test'
  ...
# Subtest: PHASE 28 / 17 — CHANGED_ASSIGNMENTS dimension is REPORTING_ONLY (active=false)
ok 355 - PHASE 28 / 17 — CHANGED_ASSIGNMENTS dimension is REPORTING_ONLY (active=false)
  ---
  duration_ms: 0.1259
  type: 'test'
  ...
# Subtest: PHASE 28 / 18 — same (candidates, input, config) produce identical scores
ok 356 - PHASE 28 / 18 — same (candidates, input, config) produce identical scores
  ---
  duration_ms: 0.2407
  type: 'test'
  ...
# Subtest: PHASE 28 / 19 — same candidates produce the same final selection order
ok 357 - PHASE 28 / 19 — same candidates produce the same final selection order
  ---
  duration_ms: 122.2058
  type: 'test'
  ...
# Subtest: PHASE 28 / 20 — controlled quality/diversity fixture: selection follows documented policy
ok 358 - PHASE 28 / 20 — controlled quality/diversity fixture: selection follows documented policy
  ---
  duration_ms: 0.2702
  type: 'test'
  ...
# Subtest: PHASE 28 / 21 — controlled normalization fixture: better raw metric → better normalized score
ok 359 - PHASE 28 / 21 — controlled normalization fixture: better raw metric → better normalized score
  ---
  duration_ms: 0.2324
  type: 'test'
  ...
# Subtest: PHASE 28 / 22 — tie handling: identical candidates produce deterministic output
ok 360 - PHASE 28 / 22 — tie handling: identical candidates produce deterministic output
  ---
  duration_ms: 0.1673
  type: 'test'
  ...
# Subtest: PHASE 28 / 23 — real 10-solution pool scores successfully
ok 361 - PHASE 28 / 23 — real 10-solution pool scores successfully
  ---
  duration_ms: 242.3413
  type: 'test'
  ...
# Subtest: PHASE 28 / 24 — every final selected solution is hard-feasible (independent evaluator accepted)
ok 362 - PHASE 28 / 24 — every final selected solution is hard-feasible (independent evaluator accepted)
  ---
  duration_ms: 89.4637
  type: 'test'
  ...
# Subtest: PHASE 28 / 25 — Phase 27 multi-solution generation is unchanged
ok 363 - PHASE 28 / 25 — Phase 27 multi-solution generation is unchanged
  ---
  duration_ms: 0.4637
  type: 'test'
  ...
# Subtest: PHASE 28 / 26 — selectFinalSolutions does not mutate the input
ok 364 - PHASE 28 / 26 — selectFinalSolutions does not mutate the input
  ---
  duration_ms: 204.2316
  type: 'test'
  ...
# Subtest: PHASE 28 / extra / A — listActiveDimensions returns a subset of the catalog
ok 365 - PHASE 28 / extra / A — listActiveDimensions returns a subset of the catalog
  ---
  duration_ms: 68.5415
  type: 'test'
  ...
# Subtest: PHASE 28 / extra / B — selectFinalSolutions accepts input as a top-level option
ok 366 - PHASE 28 / extra / B — selectFinalSolutions accepts input as a top-level option
  ---
  duration_ms: 29.0876
  type: 'test'
  ...
# Subtest: PHASE 28 / extra / C — every dimension in the score vector has raw, normalized, weight, contribution
ok 367 - PHASE 28 / extra / C — every dimension in the score vector has raw, normalized, weight, contribution
  ---
  duration_ms: 3.6023
  type: 'test'
  ...
# Subtest: PHASE 28 / extra / D — diagnostics include h13/h14 flags and rejected list
ok 368 - PHASE 28 / extra / D — diagnostics include h13/h14 flags and rejected list
  ---
  duration_ms: 62.9793
  type: 'test'
  ...
# Subtest: PHASE 28 / extra / E — backward-compat: __input on candidates is still read
ok 369 - PHASE 28 / extra / E — backward-compat: __input on candidates is still read
  ---
  duration_ms: 32.8114
  type: 'test'
  ...
# Subtest: PHASE 28 / extra / F — qualityScore keeps its Phase 27 semantics; globalScore is a separate field
ok 370 - PHASE 28 / extra / F — qualityScore keeps its Phase 27 semantics; globalScore is a separate field
  ---
  duration_ms: 64.0596
  type: 'test'
  ...
# Subtest: 1. generate candidateCount=1 returns one accepted solution
ok 371 - 1. generate candidateCount=1 returns one accepted solution
  ---
  duration_ms: 823.2784
  type: 'test'
  ...
# Subtest: 2. generate candidateCount=3 returns three accepted solutions
ok 372 - 2. generate candidateCount=3 returns three accepted solutions
  ---
  duration_ms: 1468.2758
  type: 'test'
  ...
# Subtest: 3. generate candidateCount=5 returns five accepted solutions
ok 373 - 3. generate candidateCount=5 returns five accepted solutions
  ---
  duration_ms: 2306.0951
  type: 'test'
  ...
# Subtest: 4. generate candidateCount=10 returns ten accepted solutions
ok 374 - 4. generate candidateCount=10 returns ten accepted solutions
  ---
  duration_ms: 4671.6046
  type: 'test'
  ...
# Subtest: 5. every returned solution carries the full UI-facing payload
ok 375 - 5. every returned solution carries the full UI-facing payload
  ---
  duration_ms: 1419.2548
  type: 'test'
  ...
# Subtest: 6. every solution reports hardViolations = 0
ok 376 - 6. every solution reports hardViolations = 0
  ---
  duration_ms: 2269.0386
  type: 'test'
  ...
# Subtest: 7. every solution is accepted by an INDEPENDENT evaluator run
ok 377 - 7. every solution is accepted by an INDEPENDENT evaluator run
  ---
  duration_ms: 1566.4276
  type: 'test'
  ...
# Subtest: 9. candidateCount outside {1,3,5,10} is rejected with 400 and no solve
ok 378 - 9. candidateCount outside {1,3,5,10} is rejected with 400 and no solve
  ---
  duration_ms: 17.0478
  type: 'test'
  ...
# Subtest: 10. an unrecognized optimizationMode is rejected with 400
ok 379 - 10. an unrecognized optimizationMode is rejected with 400
  ---
  duration_ms: 9.4657
  type: 'test'
  ...
# Subtest: 10b. every allowed optimizationMode is accepted and reaches the solver
ok 380 - 10b. every allowed optimizationMode is accepted and reaches the solver
  ---
  duration_ms: 2852.6236
  type: 'test'
  ...
# Subtest: 11. the real legacy dataset reaches the API intact
ok 381 - 11. the real legacy dataset reaches the API intact
  ---
  duration_ms: 559.0868
  type: 'test'
  ...
# Subtest: 12. travel remains UNSUPPORTED and the response never claims it is OK
ok 382 - 12. travel remains UNSUPPORTED and the response never claims it is OK
  ---
  duration_ms: 581.9404
  type: 'test'
  ...
# Subtest: 12b. transfer permission is ACTIVE and cannot be reported as a soft optimization
ok 383 - 12b. transfer permission is ACTIVE and cannot be reported as a soft optimization
  ---
  duration_ms: 551.7657
  type: 'test'
  ...
# Subtest: 13. no PII appears anywhere in a real response
ok 384 - 13. no PII appears anywhere in a real response
  ---
  duration_ms: 1444.5451
  type: 'test'
  ...
# Subtest: 13b. teacher display identity is name + id, and a teacher is ONE person
ok 385 - 13b. teacher display identity is name + id, and a teacher is ONE person
  ---
  duration_ms: 628.8794
  type: 'test'
  ...
# Subtest: 14. no raw legacy/BSON internals appear in a real response
ok 386 - 14. no raw legacy/BSON internals appear in a real response
  ---
  duration_ms: 538.8849
  type: 'test'
  ...
# Subtest: 15. input validation runs before the solver, and the solver is not reached
ok 387 - 15. input validation runs before the solver, and the solver is not reached
  ---
  duration_ms: 5.6331
  type: 'test'
  ...
# Subtest: 15b. a client cannot construct a schedule: entity/time/solver fields are refused
ok 388 - 15b. a client cannot construct a schedule: entity/time/solver fields are refused
  ---
  duration_ms: 18.6949
  type: 'test'
  ...
# Subtest: 15c. an unknown field is refused rather than silently dropped
ok 389 - 15c. an unknown field is refused rather than silently dropped
  ---
  duration_ms: 3.6195
  type: 'test'
  ...
# Subtest: 15d. the forbidden list covers every key the real SchedulingInput exposes
ok 390 - 15d. the forbidden list covers every key the real SchedulingInput exposes
  ---
  duration_ms: 67.2986
  type: 'test'
  ...
# Subtest: 16. generating does not mutate anything and generate persists nothing
ok 391 - 16. generating does not mutate anything and generate persists nothing
  ---
  duration_ms: 1095.1422
  type: 'test'
  ...
# Subtest: 16b. no database client is reachable from the API layer
ok 392 - 16b. no database client is reachable from the API layer
  ---
  duration_ms: 1.7704
  type: 'test'
  ...
# Subtest: 17. the response schema is stable and complete
ok 393 - 17. the response schema is stable and complete
  ---
  duration_ms: 1458.7554
  type: 'test'
  ...
# Subtest: 17b. the four scheduler statuses and the six generation stages are the only vocabularies
ok 394 - 17b. the four scheduler statuses and the six generation stages are the only vocabularies
  ---
  duration_ms: 0.1849
  type: 'test'
  ...
# Subtest: 18. solution ids are unique and are not array indices
ok 395 - 18. solution ids are unique and are not array indices
  ---
  duration_ms: 4672.7132
  type: 'test'
  ...
# Subtest: 18b. ids are stable across runs (same seed, same ids)
ok 396 - 18b. ids are stable across runs (same seed, same ids)
  ---
  duration_ms: 2837.3841
  type: 'test'
  ...
# Subtest: G1. EMPTY is a 200 with reasons, not a 500 and not a fake solution
ok 397 - G1. EMPTY is a 200 with reasons, not a 500 and not a fake solution
  ---
  duration_ms: 89.9846
  type: 'test'
  ...
# Subtest: G2. no stack trace is ever exposed to the client
ok 398 - G2. no stack trace is ever exposed to the client
  ---
  duration_ms: 5.6542
  type: 'test'
  ...
# Subtest: G3. the calendar comes from the time model, not a hard-coded Mon-Fri list
ok 399 - G3. the calendar comes from the time model, not a hard-coded Mon-Fri list
  ---
  duration_ms: 595.1372
  type: 'test'
  ...
# Subtest: G4. every placement row carries the seven facts a timetable cell needs
ok 400 - G4. every placement row carries the seven facts a timetable cell needs
  ---
  duration_ms: 556.4154
  type: 'test'
  ...
# Subtest: G5. the placements detail level is honoured and an unknown level is a 400
ok 401 - G5. the placements detail level is honoured and an unknown level is a 400
  ---
  duration_ms: 4403.2195
  type: 'test'
  ...
# Subtest: G6. commit refuses an unknown request or solution and never writes
ok 402 - G6. commit refuses an unknown request or solution and never writes
  ---
  duration_ms: 563.2796
  type: 'test'
  ...
# Subtest: G7. commit re-validates before it would write
ok 403 - G7. commit re-validates before it would write
  ---
  duration_ms: 74.0516
  type: 'test'
  ...
# Subtest: G10. an unknown /api path returns JSON, not HTML
ok 404 - G10. an unknown /api path returns JSON, not HTML
  ---
  duration_ms: 5.1722
  type: 'test'
  ...
# Subtest: G11. generation is deterministic: same request, same placements
ok 405 - G11. generation is deterministic: same request, same placements
  ---
  duration_ms: 2973.7145
  type: 'test'
  ...
# Subtest: G12. the request default is candidateCount=3
ok 406 - G12. the request default is candidateCount=3
  ---
  duration_ms: 0.2148
  type: 'test'
  ...
# Subtest: G13. the allowed candidate counts are exactly {1,3,5,10}
ok 407 - G13. the allowed candidate counts are exactly {1,3,5,10}
  ---
  duration_ms: 9114.3578
  type: 'test'
  ...
# Subtest: 1. generate produces three accepted solutions from the real dataset
ok 408 - 1. generate produces three accepted solutions from the real dataset
  ---
  duration_ms: 1742.7814
  type: 'test'
  ...
# Subtest: 2. a solution is selected by id, and the id is the one the response carried
ok 409 - 2. a solution is selected by id, and the id is the one the response carried
  ---
  duration_ms: 1489.8352
  type: 'test'
  ...
# Subtest: 3. committing a valid solution returns 200 COMMITTED with a schedule id
ok 410 - 3. committing a valid solution returns 200 COMMITTED with a schedule id
  ---
  duration_ms: 1554.5053
  type: 'test'
  ...
# Subtest: 4. the backend re-validates with the independent evaluator before writing
ok 411 - 4. the backend re-validates with the independent evaluator before writing
  ---
  duration_ms: 1676.3554
  type: 'test'
  ...
# Subtest: 5. the commit persists exactly 802 slots â€” the full real dataset
ok 412 - 5. the commit persists exactly 802 slots â€” the full real dataset
  ---
  duration_ms: 1590.4117
  type: 'test'
  ...
# Subtest: 6. reading the persisted schedule back returns 802 slots
ok 413 - 6. reading the persisted schedule back returns 802 slots
  ---
  duration_ms: 1546.239
  type: 'test'
  ...
# Subtest: 7. the read-back schedule is semantically identical to the committed candidate
ok 414 - 7. the read-back schedule is semantically identical to the committed candidate
  ---
  duration_ms: 1539.1808
  type: 'test'
  ...
# Subtest: 8. an invalid candidate is rejected and the store is byte-identical
ok 415 - 8. an invalid candidate is rejected and the store is byte-identical
  ---
  duration_ms: 1642.3524
  type: 'test'
  ...
# Subtest: 9. a malformed commit request is refused with 4xx and writes nothing
ok 416 - 9. a malformed commit request is refused with 4xx and writes nothing
  ---
  duration_ms: 1491.1092
  type: 'test'
  ...
# Subtest: 10. an unknown request or solution is a 404 and writes nothing
ok 417 - 10. an unknown request or solution is a 404 and writes nothing
  ---
  duration_ms: 1457.6472
  type: 'test'
  ...
# Subtest: 11. a client cannot alter the candidate: a forged schedule is refused, not saved
ok 418 - 11. a client cannot alter the candidate: a forged schedule is refused, not saved
  ---
  duration_ms: 1484.8449
  type: 'test'
  ...
# Subtest: 12. committing the same solution twice is safe and creates no duplicate
ok 419 - 12. committing the same solution twice is safe and creates no duplicate
  ---
  duration_ms: 1776.6375
  type: 'test'
  ...
# Subtest: 12b. two concurrent commits of DIFFERENT solutions both land, neither overwrites
ok 420 - 12b. two concurrent commits of DIFFERENT solutions both land, neither overwrites
  ---
  duration_ms: 1648.7694
  type: 'test'
  ...
# Subtest: 13. a commit is all-or-nothing: the record appears complete or not at all
ok 421 - 13. a commit is all-or-nothing: the record appears complete or not at all
  ---
  duration_ms: 1555.4191
  type: 'test'
  ...
# Subtest: 14. a schedule naming an inactive teacher is rejected and never committed
ok 422 - 14. a schedule naming an inactive teacher is rejected and never committed
  ---
  duration_ms: 497.5843
  type: 'test'
  ...
# Subtest: 14b. the placeholder teacher id is refused by the write path, not only by H08
ok 423 - 14b. the placeholder teacher id is refused by the write path, not only by H08
  ---
  duration_ms: 9.9637
  type: 'test'
  ...
# Subtest: 15. H14 is still UNSUPPORTED and commit does not claim travel was checked
ok 424 - 15. H14 is still UNSUPPORTED and commit does not claim travel was checked
  ---
  duration_ms: 1602.5462
  type: 'test'
  ...
# Subtest: 16. H13 permission is ACTIVE and commit validates it before persistence
ok 425 - 16. H13 permission is ACTIVE and commit validates it before persistence
  ---
  duration_ms: 1656.4762
  type: 'test'
  ...
# Subtest: 18. generating stays preview-only: PREVIEW_ONLY survives as a generate-time fact
ok 426 - 18. generating stays preview-only: PREVIEW_ONLY survives as a generate-time fact
  ---
  duration_ms: 1566.5547
  type: 'test'
  ...
# Subtest: 19. a committed schedule is identifiable by id, by solution, and by content hash
ok 427 - 19. a committed schedule is identifiable by id, by solution, and by content hash
  ---
  duration_ms: 1508.6865
  type: 'test'
  ...
# Subtest: 20. a committed schedule survives a fresh store, and the source data is never mutated
ok 428 - 20. a committed schedule survives a fresh store, and the source data is never mutated
  ---
  duration_ms: 1658.0634
  type: 'test'
  ...
# Subtest: G1. a candidate carrying one unresolvable row is refused whole, not saved 802 of 803
ok 429 - G1. a candidate carrying one unresolvable row is refused whole, not saved 802 of 803
  ---
  duration_ms: 7.4358
  type: 'test'
  ...
# Subtest: G2. the commit re-checks feasibility without searching or re-ranking
ok 430 - G2. the commit re-checks feasibility without searching or re-ranking
  ---
  duration_ms: 1614.6011
  type: 'test'
  ...
# Subtest: G3. the store is the only thing that writes, and generate cannot reach it
ok 431 - G3. the store is the only thing that writes, and generate cannot reach it
  ---
  duration_ms: 3.3655
  type: 'test'
  ...
# Subtest: G4. committing survives a store restart: the directory is the source of truth
ok 432 - G4. committing survives a store restart: the directory is the source of truth
  ---
  duration_ms: 667.3889
  type: 'test'
  ...
# Subtest: G5. buildScheduleRows and compareRows behave as the round trip requires
ok 433 - G5. buildScheduleRows and compareRows behave as the round trip requires
  ---
  duration_ms: 1.5999
  type: 'test'
  ...
# Subtest: G6. a commit response carries no raw data and no personal fields
ok 434 - G6. a commit response carries no raw data and no personal fields
  ---
  duration_ms: 1550.3907
  type: 'test'
  ...
# Subtest: G7. the evaluator is the only definition of feasible â€” no hard-coded constraint list
ok 435 - G7. the evaluator is the only definition of feasible â€” no hard-coded constraint list
  ---
  duration_ms: 10.9883
  type: 'test'
  ...
# Subtest: 1. a preview generated by a child process is committable after that process exits
ok 436 - 1. a preview generated by a child process is committable after that process exits
  ---
  duration_ms: 2061.734
  type: 'test'
  ...
# Subtest: 2. a second store instance sees the first one's preview, as solver Maps
ok 437 - 2. a second store instance sees the first one's preview, as solver Maps
  ---
  duration_ms: 20.6091
  type: 'test'
  ...
# Subtest: 3. the stored candidate hashes to the integrity hash written beside it
ok 438 - 3. the stored candidate hashes to the integrity hash written beside it
  ---
  duration_ms: 701.7733
  type: 'test'
  ...
# Subtest: 4. a candidate edited on disk is refused, and nothing is written
ok 439 - 4. a candidate edited on disk is refused, and nothing is written
  ---
  duration_ms: 46.6247
  type: 'test'
  ...
# Subtest: 5. ten concurrent commits of the same solution produce exactly one record
ok 440 - 5. ten concurrent commits of the same solution produce exactly one record
  ---
  duration_ms: 1057.3919
  type: 'test'
  ...
# Subtest: 6. the same generation committed concurrently three ways yields three records
ok 441 - 6. the same generation committed concurrently three ways yields three records
  ---
  duration_ms: 340.0927
  type: 'test'
  ...
# Subtest: 7. four OS processes claiming versions concurrently collide on none
ok 442 - 7. four OS processes claiming versions concurrently collide on none
  ---
  duration_ms: 260.0191
  type: 'test'
  ...
# Subtest: 7b. a store under construction does not delete another process's in-flight write
ok 443 - 7b. a store under construction does not delete another process's in-flight write
  ---
  duration_ms: 3.6734
  type: 'test'
  ...
# Subtest: 8. every record on disk after a concurrent burst is complete and parseable
ok 444 - 8. every record on disk after a concurrent burst is complete and parseable
  ---
  duration_ms: 645.1069
  type: 'test'
  ...
# Subtest: 9. temp files are invisible to list, health and the committed endpoints
ok 445 - 9. temp files are invisible to list, health and the committed endpoints
  ---
  duration_ms: 127.0178
  type: 'test'
  ...
# Subtest: 10. a corrupted record is contained: the store stays usable and says so
ok 446 - 10. a corrupted record is contained: the store stays usable and says so
  ---
  duration_ms: 126.7345
  type: 'test'
  ...
# Subtest: 10b. a commit onto a name that is already corrupt is refused, not silently overwritten
ok 447 - 10b. a commit onto a name that is already corrupt is refused, not silently overwritten
  ---
  duration_ms: 101.2912
  type: 'test'
  ...
# Subtest: 11. an unknown schedule, generation or solution is a 404 with a code, never a 500
ok 448 - 11. an unknown schedule, generation or solution is a 404 with a code, never a 500
  ---
  duration_ms: 29.2608
  type: 'test'
  ...
# Subtest: 12. a client-supplied id cannot become a path outside the persistence directory
ok 449 - 12. a client-supplied id cannot become a path outside the persistence directory
  ---
  duration_ms: 8.9218
  type: 'test'
  ...
# Subtest: 13. a record name only ever appears complete, and a duplicate never rewrites it
ok 450 - 13. a record name only ever appears complete, and a duplicate never rewrites it
  ---
  duration_ms: 443.9916
  type: 'test'
  ...
# Subtest: 14. list() never returns a malformed entry while writes are in flight
ok 451 - 14. list() never returns a malformed entry while writes are in flight
  ---
  duration_ms: 1255.5073
  type: 'test'
  ...
# Subtest: 15. generating again leaves the earlier generation committable
ok 452 - 15. generating again leaves the earlier generation committable
  ---
  duration_ms: 1316.0043
  type: 'test'
  ...
# Subtest: 16. the evaluator still refuses a candidate, even one whose integrity hash is honest
ok 453 - 16. the evaluator still refuses a candidate, even one whose integrity hash is honest
  ---
  duration_ms: 74.3959
  type: 'test'
  ...
# Subtest: 17. the reported globalScore is the one from generation, not a one-candidate re-rank
ok 454 - 17. the reported globalScore is the one from generation, not a one-candidate re-rank
  ---
  duration_ms: 227.1485
  type: 'test'
  ...
# Subtest: 18. the committed record reads back as the same 802-slot schedule
ok 455 - 18. the committed record reads back as the same 802-slot schedule
  ---
  duration_ms: 126.469
  type: 'test'
  ...
# Subtest: 19. every Phase 32/33 endpoint answers, unchanged, on a durable store
ok 456 - 19. every Phase 32/33 endpoint answers, unchanged, on a durable store
  ---
  duration_ms: 806.7382
  type: 'test'
  ...
# Subtest: 20. every field the React commit state reads is present and correctly typed
ok 457 - 20. every field the React commit state reads is present and correctly typed
  ---
  duration_ms: 133.9914
  type: 'test'
  ...
# Subtest: 21. generate in a child, kill it, commit here, read the record back
ok 458 - 21. generate in a child, kill it, commit here, read the record back
  ---
  duration_ms: 118.9014
  type: 'test'
  ...
# Subtest: 22. a second client on the same directory can commit what the first generated
ok 459 - 22. a second client on the same directory can commit what the first generated
  ---
  duration_ms: 122.3275
  type: 'test'
  ...
# Subtest: X1. expiration is opt-in: off by default, and it fires when configured
ok 460 - X1. expiration is opt-in: off by default, and it fires when configured
  ---
  duration_ms: 26.4666
  type: 'test'
  ...
# Subtest: X2. an expired preview is a 410, and it writes nothing
ok 461 - X2. an expired preview is a 410, and it writes nothing
  ---
  duration_ms: 25.2819
  type: 'test'
  ...
# Subtest: X3. the preview lifecycle is a complete, enumerable set
ok 462 - X3. the preview lifecycle is a complete, enumerable set
  ---
  duration_ms: 97.1291
  type: 'test'
  ...
# Subtest: X5. scheduleId derivation is byte-for-byte what Phase 33 committed
not ok 463 - X5. scheduleId derivation is byte-for-byte what Phase 33 committed
  ---
  duration_ms: 0.489
  type: 'test'
  location: 'E:\\GiaPhuc\\backend\\tests\\timetable\\phase34_persistence_hardening.test.js:1206:1'
  failureType: 'testCodeFailure'
  error: "ENOENT: no such file or directory, open 'E:\\GiaPhuc\\backend\\src\\persistence\\schedule-store.js'"
  code: 'ENOENT'
  stack: |-
    readFileSync (node:fs:441:20)
    TestContext.<anonymous> (file:///E:/GiaPhuc/backend/tests/timetable/phase34_persistence_hardening.test.js:1208:23)
    Test.runInAsyncScope (node:async_hooks:214:14)
    Test.run (node:internal/test_runner/test:1047:25)
    Test.processPendingSubtests (node:internal/test_runner/test:744:18)
    Test.postRun (node:internal/test_runner/test:1173:19)
    Test.run (node:internal/test_runner/test:1101:12)
    process.processTicksAndRejections (node:internal/process/task_queues:105:5)
    async Test.processPendingSubtests (node:internal/test_runner/test:744:7)
  ...
# Subtest: X6. pruning respects the limit and never deletes a preview that has been committed
ok 464 - X6. pruning respects the limit and never deletes a preview that has been committed
  ---
  duration_ms: 4046.2419
  type: 'test'
  ...
# Subtest: X7. a commit against a store with no describe() still works, and says NOT_TRACKED
ok 465 - X7. a commit against a store with no describe() still works, and says NOT_TRACKED
  ---
  duration_ms: 93.2137
  type: 'test'
  ...
# Subtest: X8. the store refuses a record factory that is not a factory
ok 466 - X8. the store refuses a record factory that is not a factory
  ---
  duration_ms: 1.4912
  type: 'test'
  ...
# Subtest: preference persistence: simultaneous teachers are both retained
ok 467 - preference persistence: simultaneous teachers are both retained
  ---
  duration_ms: 10.4654
  type: 'test'
  ...
# Subtest: preference persistence: corrupt JSON is not overwritten by a later save
ok 468 - preference persistence: corrupt JSON is not overwritten by a later save
  ---
  duration_ms: 3.2476
  type: 'test'
  ...
# Subtest: preference persistence: simultaneous patches on one teacher preserve both fields
ok 469 - preference persistence: simultaneous patches on one teacher preserve both fields
  ---
  duration_ms: 5.5648
  type: 'test'
  ...
# Subtest: kim has soBuoiToiDa=4, buoiUuTien=ca_hai, thuNghi=[]
ok 470 - kim has soBuoiToiDa=4, buoiUuTien=ca_hai, thuNghi=[]
  ---
  duration_ms: 1.9265
  type: 'test'
  ...
# Subtest: trinh has buoiUuTien=chieu
ok 471 - trinh has buoiUuTien=chieu
  ---
  duration_ms: 0.1629
  type: 'test'
  ...
# Subtest: nản has NO nguyenVong in the authoritative fixture (per second brief)
ok 472 - nản has NO nguyenVong in the authoritative fixture (per second brief)
  ---
  duration_ms: 0.099
  type: 'test'
  ...
# Subtest: thư and trâm have NO nguyenVong (treated as null, not auto-filled)
ok 473 - thư and trâm have NO nguyenVong (treated as null, not auto-filled)
  ---
  duration_ms: 0.085
  type: 'test'
  ...
# Subtest: S_PREFERRED_SESSION is active when at least one teacher has a non-ca_hai preference
ok 474 - S_PREFERRED_SESSION is active when at least one teacher has a non-ca_hai preference
  ---
  duration_ms: 0.0913
  type: 'test'
  ...
# Subtest: S_PREFERRED_SESSION score: chieu-pref teacher with chieu slots → 1
ok 475 - S_PREFERRED_SESSION score: chieu-pref teacher with chieu slots → 1
  ---
  duration_ms: 0.2618
  type: 'test'
  ...
# Subtest: S_PREFERRED_SESSION score: chieu-pref teacher with sang slots → 0
ok 476 - S_PREFERRED_SESSION score: chieu-pref teacher with sang slots → 0
  ---
  duration_ms: 0.1392
  type: 'test'
  ...
# Subtest: S_PREFERRED_SESSION score: ca_hai is always 1
ok 477 - S_PREFERRED_SESSION score: ca_hai is always 1
  ---
  duration_ms: 0.0684
  type: 'test'
  ...
# Subtest: S_MAX_SESSIONS_PER_WEEK: under cap → 1, over cap → < 1
ok 478 - S_MAX_SESSIONS_PER_WEEK: under cap → 1, over cap → < 1
  ---
  duration_ms: 0.4694
  type: 'test'
  ...
# Subtest: search: audit witness backtracks to another teacher instead of false NO_SOLUTION
ok 479 - search: audit witness backtracks to another teacher instead of false NO_SOLUTION
  ---
  duration_ms: 14.2623
  type: 'test'
  ...
# Subtest: search: audit witness remains feasible in either assignment input order
ok 480 - search: audit witness remains feasible in either assignment input order
  ---
  duration_ms: 1.6124
  type: 'test'
  ...
# Subtest: search: alternative slots respect fixed availability and roll back class and teacher state
ok 481 - search: alternative slots respect fixed availability and roll back class and teacher state
  ---
  duration_ms: 4.1553
  type: 'test'
  ...
# Subtest: search: every slot of a multi-period assignment belongs to one chosen teacher
ok 482 - search: every slot of a multi-period assignment belongs to one chosen teacher
  ---
  duration_ms: 0.509
  type: 'test'
  ...
# Subtest: search: the same input and seed produces the same decisions after rollback
ok 483 - search: the same input and seed produces the same decisions after rollback
  ---
  duration_ms: 1.5176
  type: 'test'
  ...
# Subtest: branch first: BASE_FEASIBLE selects the home teacher before an imported external teacher
ok 484 - branch first: BASE_FEASIBLE selects the home teacher before an imported external teacher
  ---
  duration_ms: 2.3464
  type: 'test'
  ...
# Subtest: branch first: ASSIGNMENT_BALANCED selects the home teacher before an imported external teacher
ok 485 - branch first: ASSIGNMENT_BALANCED selects the home teacher before an imported external teacher
  ---
  duration_ms: 0.9457
  type: 'test'
  ...
# Subtest: branch first: PREFERENCE_FIRST selects the home teacher before an imported external teacher
ok 486 - branch first: PREFERENCE_FIRST selects the home teacher before an imported external teacher
  ---
  duration_ms: 0.924
  type: 'test'
  ...
# Subtest: branch first: GLOBAL_ASSIGNMENT_BALANCED selects the home teacher before an imported external teacher
ok 487 - branch first: GLOBAL_ASSIGNMENT_BALANCED selects the home teacher before an imported external teacher
  ---
  duration_ms: 1.4838
  type: 'test'
  ...
# Subtest: branch first: only unfinished demand uses an eligible and explicitly permitted external teacher
ok 488 - branch first: only unfinished demand uses an eligible and explicitly permitted external teacher
  ---
  duration_ms: 2.0973
  type: 'test'
  ...
# Subtest: branch first: transfers reserve future home teaching instead of selecting an already full source teacher
ok 489 - branch first: transfers reserve future home teaching instead of selecting an already full source teacher
  ---
  duration_ms: 2.0838
  type: 'test'
  ...
# Subtest: selection: explicit workload versus preference weights change selection from the same feasible pool
ok 490 - selection: explicit workload versus preference weights change selection from the same feasible pool
  ---
  duration_ms: 14.5463
  type: 'test'
  ...
# Subtest: selection: changing weights cannot admit a hard-invalid candidate
ok 491 - selection: changing weights cannot admit a hard-invalid candidate
  ---
  duration_ms: 0.8835
  type: 'test'
  ...
# Subtest: selection: evaluator exceptions fail closed
ok 492 - selection: evaluator exceptions fail closed
  ---
  duration_ms: 0.5982
  type: 'test'
  ...
# Subtest: multi-solution: BASE generation does not search discarded candidates within each solve
ok 493 - multi-solution: BASE generation does not search discarded candidates within each solve
  ---
  duration_ms: 13.0437
  type: 'test'
  ...
# Subtest: empty assignments: solver returns INFEASIBLE_DEMAND, no solutions
ok 494 - empty assignments: solver returns INFEASIBLE_DEMAND, no solutions
  ---
  duration_ms: 1.3587
  type: 'test'
  ...
# Subtest: UNRESOLVABLE_ASSIGNMENT when an assignment has no candidate slots
ok 495 - UNRESOLVABLE_ASSIGNMENT when an assignment has no candidate slots
  ---
  duration_ms: 0.1944
  type: 'test'
  ...
# Subtest: solver finds at least one solution for a simple feasible case
ok 496 - solver finds at least one solution for a simple feasible case
  ---
  duration_ms: 5000.0844
  type: 'test'
  ...
# Subtest: multi-solution: solver can return multiple distinct solutions for 1 teacher + 2 classes + 2 periods
ok 497 - multi-solution: solver can return multiple distinct solutions for 1 teacher + 2 classes + 2 periods
  ---
  duration_ms: 4999.7963
  type: 'test'
  ...
# Subtest: subject workload includes eligible zero-load teachers and omits singleton subjects
ok 498 - subject workload includes eligible zero-load teachers and omits singleton subjects
  ---
  duration_ms: 8.682
  type: 'test'
  ...
# Subtest: subject spread is a comparator objective after overall teacher spread
ok 499 - subject spread is a comparator objective after overall teacher spread
  ---
  duration_ms: 0.2279
  type: 'test'
  ...
# Subtest: best-found reassignment improves subject load while preserving independent feasibility
ok 500 - best-found reassignment improves subject load while preserving independent feasibility
  ---
  duration_ms: 10.1155
  type: 'test'
  ...
# Subtest: overall and subject balance include zero-load eligible teachers: [2,1] beats [3,0]
ok 501 - overall and subject balance include zero-load eligible teachers: [2,1] beats [3,0]
  ---
  duration_ms: 0.4795
  type: 'test'
  ...
# Subtest: subject balance reports [30,10,0] and sums actual periods once for a multi-specialization teacher
ok 502 - subject balance reports [30,10,0] and sums actual periods once for a multi-specialization teacher
  ---
  duration_ms: 0.2238
  type: 'test'
  ...
# Subtest: local transfer: every kept move respects target permission and rebuilds transfer metadata
ok 503 - local transfer: every kept move respects target permission and rebuilds transfer metadata
  ---
  duration_ms: 3.2508
  type: 'test'
  ...
# Subtest: local transfer: declared budget counts rounds separately from attempted moves
ok 504 - local transfer: declared budget counts rounds separately from attempted moves
  ---
  duration_ms: 40.1339
  type: 'test'
  ...
# Subtest: fixture is byte-loadable and has 5 teachers
ok 505 - fixture is byte-loadable and has 5 teachers
  ---
  duration_ms: 0.5854
  type: 'test'
  ...
# Subtest: teacher names preserve casing (kim, thư, trinh, trâm, nản)
ok 506 - teacher names preserve casing (kim, thư, trinh, trâm, nản)
  ---
  duration_ms: 0.5652
  type: 'test'
  ...
# Subtest: email and soDienThoai are empty strings (not undefined)
ok 507 - email and soDienThoai are empty strings (not undefined)
  ---
  duration_ms: 0.0867
  type: 'test'
  ...
# Subtest: every teacher has trangThai = "active"
ok 508 - every teacher has trangThai = "active"
  ---
  duration_ms: 0.1442
  type: 'test'
  ...
# Subtest: updatedAt quirk: nản has a string, others have a Date
ok 509 - updatedAt quirk: nản has a string, others have a Date
  ---
  duration_ms: 0.3434
  type: 'test'
  ...
# Subtest: missing data is reported for thư and trâm (no nguyenVong)
ok 510 - missing data is reported for thư and trâm (no nguyenVong)
  ---
  duration_ms: 0.2188
  type: 'test'
  ...
# Subtest: homeBranchId is null for all teachers (MISSING DATA)
ok 511 - homeBranchId is null for all teachers (MISSING DATA)
  ---
  duration_ms: 0.0734
  type: 'test'
  ...
# Subtest: validateInput: clean model produces no issues, no critical missing
ok 512 - validateInput: clean model produces no issues, no critical missing
  ---
  duration_ms: 1.2555
  type: 'test'
  ...
# Subtest: validateInput: assignment references unknown class → invalid_reference
ok 513 - validateInput: assignment references unknown class → invalid_reference
  ---
  duration_ms: 0.239
  type: 'test'
  ...
# Subtest: validateInput: assignment references unknown subject → invalid_reference
ok 514 - validateInput: assignment references unknown subject → invalid_reference
  ---
  duration_ms: 0.1407
  type: 'test'
  ...
# Subtest: validateInput: assignment references unknown teacher → invalid_reference
ok 515 - validateInput: assignment references unknown teacher → invalid_reference
  ---
  duration_ms: 0.1138
  type: 'test'
  ...
# Subtest: validateInput: assignment references unknown branch → invalid_reference
ok 516 - validateInput: assignment references unknown branch → invalid_reference
  ---
  duration_ms: 0.2957
  type: 'test'
  ...
# Subtest: validateInput: teacher ineligible for subject → unresolvable_demand
ok 517 - validateInput: teacher ineligible for subject → unresolvable_demand
  ---
  duration_ms: 0.1525
  type: 'test'
  ...
# Subtest: validateInput: empty branches is MISSING_DATA, not INVALID_INPUT
ok 518 - validateInput: empty branches is MISSING_DATA, not INVALID_INPUT
  ---
  duration_ms: 0.1591
  type: 'test'
  ...
# Subtest: validateInput: empty classes is MISSING_DATA, not INVALID_INPUT
ok 519 - validateInput: empty classes is MISSING_DATA, not INVALID_INPUT
  ---
  duration_ms: 0.1045
  type: 'test'
  ...
# Subtest: validateInput: empty curriculum is MISSING_DATA, not INVALID_INPUT
ok 520 - validateInput: empty curriculum is MISSING_DATA, not INVALID_INPUT
  ---
  duration_ms: 0.234
  type: 'test'
  ...
# Subtest: validateInput: empty assignments cannot cover an existing curriculum and is INVALID_INPUT
ok 521 - validateInput: empty assignments cannot cover an existing curriculum and is INVALID_INPUT
  ---
  duration_ms: 0.3239
  type: 'test'
  ...
# Subtest: validateInput: missing travelTime is MISSING_DATA, not INVALID_INPUT
ok 522 - validateInput: missing travelTime is MISSING_DATA, not INVALID_INPUT
  ---
  duration_ms: 0.138
  type: 'test'
  ...
# Subtest: validateInput: duplicate teacher id is invalid_value
ok 523 - validateInput: duplicate teacher id is invalid_value
  ---
  duration_ms: 0.1282
  type: 'test'
  ...
# Subtest: validateInput: teacher with no chuyenMon → missing_required_field
ok 524 - validateInput: teacher with no chuyenMon → missing_required_field
  ---
  duration_ms: 0.0791
  type: 'test'
  ...
# Subtest: validateInput: branch with no schoolDays → missing_required_field
ok 525 - validateInput: branch with no schoolDays → missing_required_field
  ---
  duration_ms: 0.06
  type: 'test'
  ...
# Subtest: validateInput: branch with no periods → missing_required_field
ok 526 - validateInput: branch with no periods → missing_required_field
  ---
  duration_ms: 0.0549
  type: 'test'
  ...
# Subtest: validateInput: assignment with requiredPeriods=-1 → invalid_value
ok 527 - validateInput: assignment with requiredPeriods=-1 → invalid_value
  ---
  duration_ms: 0.0507
  type: 'test'
  ...
# Subtest: validateInput: curriculum references unknown class → invalid_reference
ok 528 - validateInput: curriculum references unknown class → invalid_reference
  ---
  duration_ms: 0.0547
  type: 'test'
  ...
# Subtest: workload: kim = 2 (Công nghệ=1 + Tin học=1)
ok 529 - workload: kim = 2 (Công nghệ=1 + Tin học=1)
  ---
  duration_ms: 0.6295
  type: 'test'
  ...
# Subtest: workload: thư = 4 (Tiếng Anh=4)
ok 530 - workload: thư = 4 (Tiếng Anh=4)
  ---
  duration_ms: 0.1005
  type: 'test'
  ...
# Subtest: workload: trinh = 1 (Mỹ thuật=1)
ok 531 - workload: trinh = 1 (Mỹ thuật=1)
  ---
  duration_ms: 0.1133
  type: 'test'
  ...
# Subtest: workload: trâm = 1 (Âm nhạc=1)
ok 532 - workload: trâm = 1 (Âm nhạc=1)
  ---
  duration_ms: 0.073
  type: 'test'
  ...
# Subtest: workload: nản = 2 (Giáo dục thể chất=2)
ok 533 - workload: nản = 2 (Giáo dục thể chất=2)
  ---
  duration_ms: 0.0683
  type: 'test'
  ...
# Subtest: workload summary: total across all 5 teachers = 10
ok 534 - workload summary: total across all 5 teachers = 10
  ---
  duration_ms: 0.1559
  type: 'test'
  ...
# Subtest: workload: each teacher has at least 1 specialization (the fixture invariant)
ok 535 - workload: each teacher has at least 1 specialization (the fixture invariant)
  ---
  duration_ms: 0.1101
  type: 'test'
  ...
# Subtest: workload: each specialization soTietTuan is a non-negative integer
ok 536 - workload: each specialization soTietTuan is a non-negative integer
  ---
  duration_ms: 0.1368
  type: 'test'
  ...
# Subtest: curriculum coverage: demand 4 versus assignment 0 is invalid
ok 537 - curriculum coverage: demand 4 versus assignment 0 is invalid
  ---
  duration_ms: 1.0777
  type: 'test'
  ...
# Subtest: curriculum coverage: demand 4 versus assignment 3 is invalid
ok 538 - curriculum coverage: demand 4 versus assignment 3 is invalid
  ---
  duration_ms: 0.0986
  type: 'test'
  ...
# Subtest: curriculum coverage: demand 4 versus assignment 5 is invalid
ok 539 - curriculum coverage: demand 4 versus assignment 5 is invalid
  ---
  duration_ms: 0.1279
  type: 'test'
  ...
# Subtest: curriculum coverage: exact demand and split assignment totals are valid
ok 540 - curriculum coverage: exact demand and split assignment totals are valid
  ---
  duration_ms: 0.3847
  type: 'test'
  ...
# Subtest: curriculum coverage: a missing assignment is invalid even when all references are valid
ok 541 - curriculum coverage: a missing assignment is invalid even when all references are valid
  ---
  duration_ms: 0.1649
  type: 'test'
  ...
# Subtest: curriculum coverage: wrong class or subject cannot substitute for the required pair
ok 542 - curriculum coverage: wrong class or subject cannot substitute for the required pair
  ---
  duration_ms: 0.231
  type: 'test'
  ...
# Subtest: curriculum coverage: evaluator independently rejects full assignments that underfill curriculum
ok 543 - curriculum coverage: evaluator independently rejects full assignments that underfill curriculum
  ---
  duration_ms: 1.761
  type: 'test'
  ...
# Subtest: capacity: legacy source numbers remain evidence, not guessed capacity or specialization budgets
ok 544 - capacity: legacy source numbers remain evidence, not guessed capacity or specialization budgets
  ---
  duration_ms: 104.7425
  type: 'test'
  ...
# Subtest: capacity: an explicit zero/positive weekly capacity survives teacher normalization
ok 545 - capacity: an explicit zero/positive weekly capacity survives teacher normalization
  ---
  duration_ms: 0.423
  type: 'test'
  ...
# Subtest: capacity: malformed explicit capacity is invalid input
ok 546 - capacity: malformed explicit capacity is invalid input
  ---
  duration_ms: 0.3769
  type: 'test'
  ...
1..546
# tests 546
# suites 0
# pass 545
# fail 1
# cancelled 0
# skipped 0
# todo 0
# duration_ms 351514.0165
